Date,Close
01/02/2020,216.05
01/02/2024,402.59
01/02/2025,510.23
01/03/2020,214.07
01/03/2022,401.47
01/03/2023,264.34
01/03/2024,398.33
01/03/2025,518.58
01/04/2021,309.15
01/04/2022,396.26
01/04/2023,265.6
01/04/2024,396.28
01/05/2021,311.7
01/05/2022,384.09
01/05/2023,261.44
01/05/2024,396.75
01/06/2020,215.45
01/06/2021,307.38
01/06/2022,383.82
01/06/2023,268.66
01/06/2025,524.54
01/07/2020,215.42
01/07/2021,314.81
01/07/2022,379.66
01/07/2025,515.18
01/08/2020,217.04
01/08/2021,318.86
01/08/2024,404.95
01/08/2025,515.27
01/09/2020,218.88
01/09/2023,270.4
01/09/2024,405.75
01/10/2020,218.32
01/10/2022,379.91
01/10/2023,272.69
01/10/2024,408.5
01/10/2025,507.19
01/11/2021,314.25
01/11/2022,385.62
01/11/2023,277.4
01/11/2024,409.35
01/12/2021,313.76
01/12/2022,387.15
01/12/2023,278.9
01/12/2024,409.56
01/13/2020,220.83
01/13/2021,315.87
01/13/2022,377.46
01/13/2023,280.82
01/13/2025,505.56
01/14/2020,219.96
01/14/2021,314.18
01/14/2022,379.81
01/14/2025,505.08
01/15/2020,220.05
01/15/2021,311.7
01/15/2025,516.7
01/16/2020,222.16
01/16/2024,409.52
01/16/2025,513.08
01/17/2020,223.26
01/17/2023,281.39
01/17/2024,407.21
01/17/2025,521.74
01/18/2022,370.36
01/18/2023,277.73
01/18/2024,412.99
01/19/2021,316.24
01/19/2022,366.29
01/19/2023,275.01
01/19/2024,421.18
01/20/2021,323.6
01/20/2022,361.53
01/20/2023,282.53
01/21/2020,223.16
01/21/2021,326.19
01/21/2022,351.51
01/21/2025,524.8
01/22/2020,223.75
01/22/2021,325.25
01/22/2024,421.73
01/22/2025,531.51
01/23/2020,224.47
01/23/2023,288.81
01/23/2024,423.48
01/23/2025,532.64
01/24/2020,222.58
01/24/2022,353.11
01/24/2023,288.22
01/24/2024,425.83
01/24/2025,529.63
01/25/2021,327.94
01/25/2022,344.93
01/25/2023,287.58
01/25/2024,426.35
01/26/2021,328.42
01/26/2022,344.39
01/26/2023,293.19
01/26/2024,423.81
01/27/2020,217.99
01/27/2021,319.26
01/27/2022,340.92
01/27/2023,296.1
01/27/2025,514.21
01/28/2020,221.33
01/28/2021,321.15
01/28/2022,351.62
01/28/2025,521.81
01/29/2020,221.69
01/29/2021,314.39
01/29/2024,428.15
01/29/2025,520.83
01/30/2020,222.48
01/30/2023,290.12
01/30/2024,425.3
01/30/2025,523.05
01/31/2020,218.95
01/31/2022,362.86
01/31/2023,294.47
01/31/2024,416.97
01/31/2025,522.29
02/01/2021,322.25
02/01/2022,365.33
02/01/2023,300.76
02/01/2024,421.88
02/02/2021,327.51
02/02/2022,368.3
02/02/2023,311.56
02/02/2024,429.01
02/03/2020,222.26
02/03/2021,326.21
02/03/2022,353.36
02/03/2023,306.02
02/03/2025,518.11
02/04/2020,227.35
02/04/2021,330.07
02/04/2022,357.82
02/04/2025,524.47
02/05/2020,228.1
02/05/2021,331.19
02/05/2024,428.45
02/05/2025,526.85
02/06/2020,230.07
02/06/2023,303.43
02/06/2024,427.59
02/06/2025,529.6
02/07/2020,229.08
02/07/2022,354.94
02/07/2023,309.72
02/07/2024,431.99
02/07/2025,522.92
02/08/2021,333.4
02/08/2022,358.93
02/08/2023,304.21
02/08/2024,432.79
02/09/2021,333.33
02/09/2022,366.54
02/09/2023,301.52
02/09/2024,437.05
02/10/2020,231.85
02/10/2021,332.58
02/10/2022,358.24
02/10/2023,299.54
02/10/2025,529.25
02/11/2020,231.89
02/11/2021,334.4
02/11/2022,346.88
02/11/2025,527.99
02/12/2020,234.15
02/12/2021,336.27
02/12/2024,435.34
02/12/2025,528.3
02/13/2020,233.85
02/13/2023,304.34
02/13/2024,428.55
02/13/2025,535.9
02/14/2020,234.52
02/14/2022,347.31
02/14/2023,306.59
02/14/2024,433.22
02/14/2025,538.15
02/15/2022,355.94
02/15/2023,308.94
02/15/2024,434.51
02/16/2021,335.36
02/16/2022,355.85
02/16/2023,303.14
02/16/2024,430.57
02/17/2021,333.75
02/17/2022,345.27
02/17/2023,301.0
02/18/2020,234.61
02/18/2021,332.3
02/18/2022,341.33
02/18/2025,539.37
02/19/2020,236.86
02/19/2021,330.85
02/19/2025,539.52
02/20/2020,234.66
02/20/2024,427.32
02/20/2025,537.23
02/21/2020,230.15
02/21/2023,293.88
02/21/2024,425.61
02/21/2025,526.08
02/22/2021,322.27
02/22/2022,337.9
02/22/2023,294.1
02/22/2024,438.07
02/23/2021,321.31
02/23/2022,329.25
02/23/2023,296.66
02/23/2024,436.78
02/24/2020,221.27
02/24/2021,323.96
02/24/2022,340.31
02/24/2023,291.7
02/24/2025,519.87
02/25/2020,215.26
02/25/2021,312.67
02/25/2022,345.59
02/25/2025,513.32
02/26/2020,216.37
02/26/2021,313.98
02/26/2024,436.55
02/26/2025,514.56
02/27/2020,205.53
02/27/2023,293.79
02/27/2024,437.6
02/27/2025,500.27
02/28/2020,205.69
02/28/2022,346.62
02/28/2023,293.41
02/28/2024,435.27
02/28/2025,508.17
02/29/2024,439.0
03/01/2021,323.42
03/01/2022,341.31
03/01/2023,291.05
03/01/2024,445.61
03/02/2020,216.31
03/02/2021,318.23
03/02/2022,347.04
03/02/2023,293.46
03/03/2020,209.37
03/03/2021,309.0
03/03/2022,342.08
03/03/2023,299.52
03/03/2025,497.05
03/04/2020,218.11
03/04/2021,303.94
03/04/2022,337.12
03/04/2024,444.02
03/04/2025,495.55
03/05/2020,211.48
03/05/2021,308.52
03/05/2024,436.05
03/05/2025,502.01
03/06/2020,207.91
03/06/2023,299.86
03/06/2024,438.79
03/06/2025,488.2
03/07/2022,324.69
03/07/2023,296.18
03/07/2024,445.45
03/07/2025,491.79
03/08/2021,299.78
03/08/2022,323.18
03/08/2023,297.66
03/08/2024,439.02
03/09/2020,193.47
03/09/2021,311.61
03/09/2022,334.81
03/09/2023,292.51
03/10/2020,204.0
03/10/2021,310.72
03/10/2022,331.1
03/10/2023,288.4
03/10/2025,472.73
03/11/2020,195.12
03/11/2021,317.87
03/11/2022,324.23
03/11/2024,437.39
03/11/2025,471.6
03/12/2020,177.23
03/12/2021,315.29
03/12/2024,443.66
03/12/2025,476.92
03/13/2020,192.24
03/13/2023,290.54
03/13/2024,440.25
03/13/2025,468.34
03/14/2022,318.0
03/14/2023,297.21
03/14/2024,439.14
03/14/2025,479.66
03/15/2021,318.66
03/15/2022,327.98
03/15/2023,298.77
03/15/2024,433.92
03/16/2020,169.21
03/16/2021,320.41
03/16/2022,340.14
03/16/2023,306.65
03/17/2020,182.04
03/17/2021,321.73
03/17/2022,344.26
03/17/2023,305.2
03/17/2025,482.77
03/18/2020,176.51
03/18/2021,311.88
03/18/2022,351.31
03/18/2024,437.48
03/18/2025,474.54
03/19/2020,177.57
03/19/2021,312.98
03/19/2024,438.57
03/19/2025,480.89
03/20/2020,170.61
03/20/2023,305.81
03/20/2024,443.77
03/20/2025,479.26
03/21/2022,349.9
03/21/2023,310.18
03/21/2024,445.87
03/21/2025,480.84
03/22/2021,318.44
03/22/2022,356.77
03/22/2023,305.96
03/22/2024,446.38
03/23/2020,170.37
03/23/2021,317.05
03/23/2022,351.65
03/23/2023,309.59
03/24/2020,183.56
03/24/2021,311.71
03/24/2022,359.46
03/24/2023,310.73
03/24/2025,490.66
03/25/2020,182.2
03/25/2021,311.17
03/25/2022,359.16
03/25/2024,444.76
03/25/2025,493.46
03/26/2020,191.8
03/26/2021,315.83
03/26/2024,443.32
03/26/2025,484.38
03/27/2020,185.2
03/27/2023,308.6
03/27/2024,444.83
03/27/2025,481.62
03/28/2022,364.72
03/28/2023,306.96
03/28/2024,444.01
03/28/2025,468.94
03/29/2021,315.74
03/29/2022,371.0
03/29/2023,312.56
03/30/2020,191.94
03/30/2021,314.15
03/30/2022,366.9
03/30/2023,315.51
03/31/2020,190.3
03/31/2021,318.96
03/31/2022,362.35
03/31/2023,320.76
03/31/2025,468.92
04/01/2020,182.21
04/01/2021,324.4
04/01/2022,361.66
04/01/2024,444.95
04/01/2025,472.7
04/02/2020,185.91
04/02/2024,441.11
04/02/2025,476.15
04/03/2020,183.27
04/03/2023,319.98
04/03/2024,442.1
04/03/2025,450.66
04/04/2022,369.11
04/04/2023,318.9
04/04/2024,435.34
04/04/2025,422.67
04/05/2021,330.88
04/05/2022,360.91
04/05/2023,315.75
04/05/2024,440.47
04/06/2020,196.38
04/06/2021,330.65
04/06/2022,353.07
04/06/2023,317.88
04/07/2020,196.3
04/07/2021,331.45
04/07/2022,353.91
04/07/2025,423.69
04/08/2020,200.46
04/08/2021,334.9
04/08/2022,348.97
04/08/2024,440.6
04/08/2025,416.06
04/09/2020,200.75
04/09/2021,336.93
04/09/2024,442.23
04/09/2025,466.0
04/10/2023,317.7
04/10/2024,438.37
04/10/2025,446.18
04/11/2022,340.71
04/11/2023,315.66
04/11/2024,445.37
04/11/2025,454.4
04/12/2021,336.49
04/12/2022,339.27
04/12/2023,312.88
04/12/2024,438.27
04/13/2020,202.92
04/13/2021,340.42
04/13/2022,346.17
04/13/2023,319.0
04/14/2020,211.75
04/14/2021,336.33
04/14/2022,338.25
04/14/2023,318.4
04/14/2025,457.48
04/15/2020,209.32
04/15/2021,341.43
04/15/2024,431.06
04/15/2025,457.99
04/16/2020,213.14
04/16/2021,341.83
04/16/2024,431.1
04/16/2025,444.18
04/17/2020,215.18
04/17/2023,318.67
04/17/2024,425.84
04/17/2025,444.1
04/18/2022,338.51
04/18/2023,318.69
04/18/2024,423.41
04/19/2021,338.7
04/19/2022,346.08
04/19/2023,318.54
04/19/2024,414.65
04/20/2020,212.63
04/20/2021,336.23
04/20/2022,341.03
04/20/2023,316.11
04/21/2020,204.78
04/21/2021,339.11
04/21/2022,333.97
04/21/2023,316.44
04/21/2025,433.11
04/22/2020,210.86
04/22/2021,335.02
04/22/2022,325.23
04/22/2024,418.82
04/22/2025,444.48
04/23/2020,210.41
04/23/2021,339.24
04/23/2024,425.07
04/23/2025,454.56
04/24/2020,213.73
04/24/2023,315.78
04/24/2024,426.51
04/24/2025,467.35
04/25/2022,329.41
04/25/2023,309.83
04/25/2024,424.45
04/25/2025,472.56
04/26/2021,341.45
04/26/2022,316.97
04/26/2023,311.71
04/26/2024,431.0
04/27/2020,215.45
04/27/2021,339.97
04/27/2022,316.59
04/27/2023,320.18
04/28/2020,211.39
04/28/2021,338.82
04/28/2022,327.84
04/28/2023,322.39
04/28/2025,472.41
04/29/2020,218.89
04/29/2021,340.04
04/29/2022,313.09
04/29/2024,432.75
04/29/2025,475.53
04/30/2020,218.8
04/30/2021,337.81
04/30/2024,424.59
04/30/2025,475.47
05/01/2020,212.63
05/01/2023,322.02
05/01/2024,421.52
05/01/2025,481.68
05/02/2022,318.31
05/02/2023,319.21
05/02/2024,426.9
05/02/2025,488.83
05/03/2021,336.01
05/03/2022,318.65
05/03/2023,317.12
05/03/2024,435.48
05/04/2020,215.11
05/04/2021,329.97
05/04/2022,329.43
05/04/2023,316.0
05/05/2020,217.55
05/05/2021,328.86
05/05/2022,312.84
05/05/2023,322.72
05/05/2025,485.93
05/06/2020,218.89
05/06/2021,331.34
05/06/2022,309.09
05/06/2024,440.25
05/06/2025,481.41
05/07/2020,221.7
05/07/2021,334.02
05/07/2024,440.32
05/07/2025,483.3
05/08/2020,224.74
05/08/2023,323.52
05/08/2024,440.06
05/08/2025,488.29
05/09/2022,296.99
05/09/2023,321.47
05/09/2024,441.02
05/09/2025,487.97
05/10/2021,325.59
05/10/2022,300.6
05/10/2023,324.97
05/10/2024,442.06
05/11/2020,226.75
05/11/2021,325.14
05/11/2022,291.69
05/11/2023,326.03
05/12/2020,222.0
05/12/2021,316.72
05/12/2022,291.0
05/12/2023,324.86
05/12/2025,507.85
05/13/2020,219.22
05/13/2021,319.17
05/13/2022,301.78
05/13/2024,443.08
05/13/2025,515.59
05/14/2020,221.71
05/14/2021,326.22
05/14/2024,445.93
05/14/2025,518.68
05/15/2020,223.15
05/15/2023,326.62
05/15/2024,452.9
05/15/2025,519.25
05/16/2022,298.28
05/16/2023,326.99
05/16/2024,451.98
05/16/2025,521.51
05/17/2021,324.24
05/17/2022,306.01
05/17/2023,330.95
05/17/2024,451.76
05/18/2020,227.31
05/18/2021,322.05
05/18/2022,290.99
05/18/2023,337.09
05/19/2020,226.74
05/19/2021,322.42
05/19/2022,289.43
05/19/2023,336.33
05/19/2025,522.01
05/20/2020,231.27
05/20/2021,328.66
05/20/2022,288.53
05/20/2024,454.91
05/20/2025,520.27
05/21/2020,228.75
05/21/2021,326.84
05/21/2024,455.8
05/21/2025,513.04
05/22/2020,229.54
05/22/2023,337.46
05/22/2024,455.71
05/22/2025,514.0
05/23/2022,293.33
05/23/2023,333.18
05/23/2024,453.66
05/23/2025,509.24
05/24/2021,332.34
05/24/2022,287.09
05/24/2023,331.48
05/24/2024,457.95
05/25/2021,332.8
05/25/2022,291.11
05/25/2023,339.54
05/26/2020,228.92
05/26/2021,333.95
05/26/2022,299.17
05/26/2023,348.22
05/27/2020,230.17
05/27/2021,332.71
05/27/2022,308.94
05/27/2025,521.22
05/28/2020,229.87
05/28/2021,333.75
05/28/2024,459.68
05/28/2025,518.91
05/29/2020,233.24
05/29/2024,456.44
05/29/2025,519.93
05/30/2023,349.8
05/30/2024,451.55
05/30/2025,519.11
05/31/2022,308.12
05/31/2023,347.81
05/31/2024,450.71
06/01/2020,233.94
06/01/2021,332.65
06/01/2022,305.84
06/01/2023,351.83
06/02/2020,235.51
06/02/2021,333.29
06/02/2022,314.21
06/02/2023,354.46
06/02/2025,523.21
06/03/2020,236.57
06/03/2021,329.83
06/03/2022,306.04
06/03/2024,453.13
06/03/2025,527.3
06/04/2020,234.91
06/04/2021,335.42
06/04/2024,454.37
06/04/2025,528.77
06/05/2020,239.56
06/05/2023,354.71
06/05/2024,463.53
06/05/2025,524.79
06/06/2022,307.06
06/06/2023,354.65
06/06/2024,463.37
06/06/2025,529.92
06/07/2021,336.42
06/07/2022,309.71
06/07/2023,348.64
06/07/2024,462.96
06/08/2020,241.42
06/08/2021,336.58
06/08/2022,307.48
06/08/2023,352.96
06/09/2020,243.17
06/09/2021,336.66
06/09/2022,299.24
06/09/2023,354.31
06/09/2025,530.7
06/10/2020,246.09
06/10/2021,340.17
06/10/2022,288.69
06/10/2024,464.83
06/10/2025,534.21
06/11/2020,233.9
06/11/2021,341.06
06/11/2024,468.02
06/11/2025,532.41
06/12/2020,235.76
06/12/2023,360.3
06/12/2024,474.15
06/12/2025,533.66
06/13/2022,275.27
06/13/2023,363.07
06/13/2024,476.72
06/13/2025,526.96
06/14/2021,344.33
06/14/2022,275.77
06/14/2023,365.71
06/14/2024,479.19
06/15/2020,238.62
06/15/2021,342.08
06/15/2022,282.65
06/15/2023,370.07
06/16/2020,242.72
06/16/2021,340.83
06/16/2022,271.25
06/16/2023,367.74
06/16/2025,534.29
06/17/2020,243.49
06/17/2021,345.16
06/17/2022,274.55
06/17/2024,485.06
06/17/2025,529.08
06/18/2020,244.15
06/18/2021,342.45
06/18/2024,485.21
06/18/2025,528.99
06/19/2020,244.11
06/20/2023,366.71
06/20/2024,481.47
06/20/2025,526.83
06/21/2021,344.18
06/21/2022,280.93
06/21/2023,361.71
06/21/2024,480.18
06/22/2020,246.61
06/22/2021,347.39
06/22/2022,280.52
06/22/2023,365.98
06/23/2020,248.71
06/23/2021,347.56
06/23/2022,284.7
06/23/2023,362.35
06/23/2025,531.65
06/24/2020,243.58
06/24/2021,349.71
06/24/2022,294.46
06/24/2024,473.96
06/24/2025,539.78
06/25/2020,245.9
06/25/2021,349.28
06/25/2024,479.38
06/25/2025,541.16
06/26/2020,240.09
06/26/2023,357.49
06/26/2024,480.37
06/26/2025,546.22
06/27/2022,292.3
06/27/2023,363.64
06/27/2024,481.61
06/27/2025,548.09
06/28/2021,353.52
06/28/2022,283.39
06/28/2023,364.35
06/28/2024,479.11
06/29/2020,242.71
06/29/2021,354.8
06/29/2022,283.65
06/29/2023,363.62
06/30/2020,247.47
06/30/2021,354.24
06/30/2022,280.13
06/30/2023,369.23
06/30/2025,551.64
07/01/2020,250.36
07/01/2021,354.38
07/01/2022,281.98
07/01/2024,481.92
07/01/2025,546.99
07/02/2020,252.06
07/02/2021,358.45
07/02/2024,486.98
07/02/2025,550.8
07/03/2023,370.1
07/03/2024,491.04
07/03/2025,556.22
07/05/2022,286.81
07/05/2023,370.09
07/05/2024,496.16
07/06/2020,258.25
07/06/2021,360.0
07/06/2022,288.65
07/06/2023,367.27
07/07/2020,256.48
07/07/2021,360.76
07/07/2022,294.83
07/07/2023,366.05
07/07/2025,552.03
07/08/2020,259.85
07/08/2021,358.58
07/08/2022,295.19
07/08/2024,497.34
07/08/2025,552.34
07/09/2020,262.04
07/09/2021,360.82
07/09/2024,497.77
07/09/2025,556.25
07/10/2020,263.83
07/10/2023,366.17
07/10/2024,502.96
07/10/2025,555.45
07/11/2022,288.89
07/11/2023,367.98
07/11/2024,491.93
07/11/2025,554.2
07/12/2021,362.23
07/12/2022,286.09
07/12/2023,372.62
07/12/2024,494.82
07/13/2020,258.4
07/13/2021,362.23
07/13/2022,285.5
07/13/2023,378.95
07/14/2020,260.23
07/14/2021,362.88
07/14/2022,286.52
07/14/2023,378.87
07/14/2025,556.21
07/15/2020,260.76
07/15/2021,360.33
07/15/2022,291.72
07/15/2024,496.15
07/15/2025,556.72
07/16/2020,258.98
07/16/2021,357.41
07/16/2024,496.34
07/16/2025,557.29
07/17/2020,259.28
07/17/2023,382.41
07/17/2024,481.77
07/17/2025,561.8
07/18/2022,289.25
07/18/2023,385.54
07/18/2024,479.49
07/18/2025,561.26
07/19/2021,354.48
07/19/2022,298.14
07/19/2023,385.45
07/19/2024,475.24
07/20/2020,266.64
07/20/2021,358.6
07/20/2022,302.87
07/20/2023,376.56
07/21/2020,263.86
07/21/2021,361.37
07/21/2022,307.22
07/21/2023,375.43
07/21/2025,564.17
07/22/2020,264.79
07/22/2021,363.76
07/22/2022,301.83
07/22/2024,482.32
07/22/2025,561.25
07/23/2020,257.87
07/23/2021,368.01
07/23/2024,480.62
07/23/2025,563.81
07/24/2020,255.43
07/24/2023,376.03
07/24/2024,463.38
07/24/2025,565.01
07/25/2022,300.11
07/25/2023,378.58
07/25/2024,458.27
07/25/2025,566.37
07/26/2021,368.3
07/26/2022,294.22
07/26/2023,377.32
07/26/2024,462.97
07/27/2020,259.98
07/27/2021,364.24
07/27/2022,306.65
07/27/2023,376.42
07/28/2020,256.68
07/28/2021,365.64
07/28/2022,309.65
07/28/2023,383.28
07/28/2025,567.98
07/29/2020,259.63
07/29/2021,366.29
07/29/2022,315.29
07/29/2024,463.9
07/30/2019,193.68
07/30/2020,260.99
07/30/2021,364.38
07/30/2024,457.53
07/31/2019,191.0
07/31/2020,265.65
07/31/2023,383.48
07/31/2024,471.07
08/01/2019,190.05
08/01/2022,315.1
08/01/2023,382.59
08/01/2024,459.66
08/02/2019,187.25
08/02/2021,364.41
08/02/2022,314.16
08/02/2023,374.19
08/02/2024,448.75
08/03/2020,269.24
08/03/2021,366.62
08/03/2022,322.72
08/03/2023,373.59
08/04/2020,270.24
08/04/2021,367.15
08/04/2022,324.23
08/04/2023,371.84
08/05/2019,180.64
08/05/2020,270.91
08/05/2021,369.48
08/05/2022,321.58
08/05/2024,435.37
08/06/2019,183.16
08/06/2020,274.5
08/06/2021,367.86
08/06/2024,439.53
08/07/2019,184.15
08/07/2020,271.33
08/07/2023,374.99
08/07/2024,434.77
08/08/2019,188.16
08/08/2022,320.54
08/08/2023,371.8
08/08/2024,448.07
08/09/2019,186.39
08/09/2021,368.54
08/09/2022,316.91
08/09/2023,367.72
08/09/2024,450.41
08/10/2020,270.17
08/10/2021,366.65
08/10/2022,325.76
08/10/2023,368.4
08/11/2020,265.05
08/11/2021,366.02
08/11/2022,323.91
08/11/2023,366.05
08/12/2019,184.25
08/12/2020,271.72
08/12/2021,367.34
08/12/2022,330.22
08/12/2024,451.38
08/13/2019,188.29
08/13/2020,272.34
08/13/2021,368.63
08/13/2024,462.58
08/14/2019,182.66
08/14/2020,272.02
08/14/2023,370.16
08/14/2024,462.73
08/15/2019,182.45
08/15/2022,332.89
08/15/2023,366.23
08/15/2024,474.42
08/16/2019,185.38
08/16/2021,368.79
08/16/2022,332.11
08/16/2023,362.35
08/16/2024,475.03
08/17/2020,275.18
08/17/2021,365.54
08/17/2022,328.32
08/17/2023,358.39
08/18/2020,277.82
08/18/2021,362.02
08/18/2022,329.11
08/18/2023,357.94
08/19/2019,188.33
08/19/2020,275.96
08/19/2021,363.77
08/19/2022,322.69
08/19/2024,481.27
08/20/2019,186.87
08/20/2020,279.78
08/20/2021,367.54
08/20/2024,480.26
08/21/2019,188.53
08/21/2020,281.72
08/21/2023,363.71
08/21/2024,482.5
08/22/2019,187.92
08/22/2022,314.2
08/22/2023,363.19
08/22/2024,474.85
08/23/2019,181.97
08/23/2021,373.03
08/23/2022,313.94
08/23/2023,368.92
08/23/2024,480.0
08/24/2020,283.48
08/24/2021,374.17
08/24/2022,314.84
08/24/2023,361.03
08/25/2020,285.71
08/25/2021,374.6
08/25/2022,320.41
08/25/2023,363.83
08/26/2019,184.72
08/26/2020,291.81
08/26/2021,372.22
08/26/2022,307.28
08/26/2024,475.34
08/27/2019,184.33
08/27/2020,290.9
08/27/2021,375.84
08/27/2024,476.76
08/28/2019,184.99
08/28/2020,292.38
08/28/2023,366.57
08/28/2024,471.35
08/29/2019,187.82
08/29/2022,304.25
08/29/2023,374.57
08/29/2024,470.66
08/30/2019,187.37
08/30/2021,380.06
08/30/2022,300.86
08/30/2023,376.66
08/30/2024,476.27
08/31/2020,294.73
08/31/2021,379.75
08/31/2022,299.11
08/31/2023,377.79
09/01/2020,299.76
09/01/2021,380.38
09/01/2022,299.24
09/01/2023,377.39
09/02/2020,302.6
09/02/2021,380.2
09/02/2022,295.02
09/03/2019,185.55
09/03/2020,287.26
09/03/2021,381.37
09/03/2024,461.81
09/04/2019,188.23
09/04/2020,283.43
09/04/2024,460.61
09/05/2019,191.68
09/05/2023,377.87
09/05/2024,461.04
09/06/2019,191.49
09/06/2022,292.9
09/06/2023,374.54
09/06/2024,448.69
09/07/2021,381.91
09/07/2022,298.81
09/07/2023,371.86
09/08/2020,269.81
09/08/2021,380.58
09/08/2022,300.36
09/08/2023,372.38
09/09/2019,191.09
09/09/2020,277.73
09/09/2021,379.27
09/09/2022,306.93
09/09/2024,454.46
09/10/2019,190.54
09/10/2020,272.2
09/10/2021,376.39
09/10/2024,458.66
09/11/2019,192.33
09/11/2020,270.31
09/11/2023,376.77
09/11/2024,468.62
09/12/2019,193.13
09/12/2022,310.58
09/12/2023,372.59
09/12/2024,473.22
09/13/2019,192.44
09/13/2021,376.13
09/13/2022,293.55
09/13/2023,374.01
09/13/2024,475.34
09/14/2020,275.02
09/14/2021,375.06
09/14/2022,295.87
09/14/2023,377.07
09/15/2020,278.91
09/15/2021,377.85
09/15/2022,290.95
09/15/2023,370.62
09/16/2019,191.58
09/16/2020,274.47
09/16/2021,378.11
09/16/2022,289.17
09/16/2024,473.24
09/17/2019,192.5
09/17/2020,270.18
09/17/2021,373.63
09/17/2024,473.49
09/18/2019,192.42
09/18/2020,266.73
09/18/2023,370.47
09/18/2024,471.44
09/19/2019,192.74
09/19/2022,290.9
09/19/2023,369.68
09/19/2024,483.36
09/20/2019,190.7
09/20/2021,365.51
09/20/2022,288.58
09/20/2023,364.35
09/20/2024,482.44
09/21/2020,267.37
09/21/2021,365.96
09/21/2022,283.41
09/21/2023,357.67
09/22/2020,272.34
09/22/2021,369.38
09/22/2022,279.92
09/22/2023,357.72
09/23/2019,190.4
09/23/2020,264.02
09/23/2021,372.78
09/23/2022,275.37
09/23/2024,483.04
09/24/2019,187.87
09/24/2020,265.25
09/24/2021,373.13
09/24/2024,485.37
09/25/2019,189.98
09/25/2020,271.42
09/25/2023,359.42
09/25/2024,485.82
09/26/2019,189.28
09/26/2022,274.23
09/26/2023,354.02
09/26/2024,489.47
09/27/2019,186.93
09/27/2021,370.16
09/27/2022,274.34
09/27/2023,354.85
09/27/2024,486.75
09/28/2020,277.05
09/28/2021,359.68
09/28/2022,279.79
09/28/2023,357.82
09/29/2020,275.81
09/29/2021,359.09
09/29/2022,271.73
09/29/2023,358.08
09/30/2019,188.71
09/30/2020,277.69
09/30/2021,357.77
09/30/2022,267.12
09/30/2024,488.07
10/01/2019,187.17
10/01/2020,282.1
10/01/2021,359.99
10/01/2024,481.27
10/02/2019,183.95
10/02/2020,274.17
10/02/2023,361.07
10/02/2024,481.95
10/03/2019,185.97
10/03/2022,273.39
10/03/2023,354.73
10/03/2024,481.59
10/04/2019,188.71
10/04/2021,352.43
10/04/2022,281.98
10/04/2023,359.56
10/04/2024,487.32
10/05/2020,280.01
10/05/2021,357.19
10/05/2022,281.83
10/05/2023,358.5
10/06/2020,275.02
10/06/2021,359.48
10/06/2022,279.61
10/06/2023,364.51
10/07/2019,188.14
10/07/2020,279.77
10/07/2021,362.78
10/07/2022,268.96
10/07/2024,482.1
10/08/2019,185.32
10/08/2020,281.26
10/08/2021,360.97
10/08/2024,489.3
10/09/2019,187.13
10/09/2020,285.56
10/09/2023,366.37
10/09/2024,493.15
10/10/2019,188.58
10/10/2022,266.27
10/10/2023,368.4
10/10/2024,492.59
10/11/2019,191.01
10/11/2021,358.2
10/11/2022,262.61
10/11/2023,371.03
10/11/2024,493.36
10/12/2020,294.38
10/12/2021,356.95
10/12/2022,262.52
10/12/2023,369.74
10/13/2020,294.37
10/13/2021,359.81
10/13/2022,268.68
10/13/2023,365.09
10/14/2019,190.99
10/14/2020,291.91
10/14/2021,366.44
10/14/2022,260.6
10/14/2024,497.5
10/15/2019,193.42
10/15/2020,289.95
10/15/2021,368.75
10/15/2024,490.85
10/16/2019,192.94
10/16/2020,288.36
10/16/2023,369.22
10/16/2024,490.91
10/17/2019,193.45
10/17/2022,269.21
10/17/2023,368.01
10/17/2024,491.25
10/18/2019,191.59
10/18/2021,372.45
10/18/2022,271.34
10/18/2023,363.18
10/18/2024,494.47
10/19/2020,283.65
10/19/2021,375.27
10/19/2022,270.35
10/19/2023,359.78
10/20/2020,284.26
10/20/2021,374.78
10/20/2022,268.97
10/20/2023,354.41
10/21/2019,193.29
10/21/2020,284.04
10/21/2021,377.07
10/21/2022,275.28
10/21/2024,495.42
10/22/2019,191.75
10/22/2020,284.03
10/22/2021,373.9
10/22/2024,495.96
10/23/2019,192.12
10/23/2020,284.59
10/23/2023,355.48
10/23/2024,488.36
10/24/2019,193.99
10/24/2022,278.3
10/24/2023,358.94
10/24/2024,492.32
10/25/2019,195.54
10/25/2021,377.73
10/25/2022,284.06
10/25/2023,350.16
10/25/2024,495.32
10/26/2020,280.32
10/26/2021,378.92
10/26/2022,277.78
10/26/2023,343.48
10/27/2020,282.51
10/27/2021,379.8
10/27/2022,272.73
10/27/2023,345.13
10/28/2019,197.47
10/28/2020,271.5
10/28/2021,384.02
10/28/2022,281.07
10/28/2024,495.4
10/29/2019,195.94
10/29/2020,276.24
10/29/2021,385.91
10/29/2024,500.16
10/30/2019,196.89
10/30/2020,269.24
10/30/2023,349.02
10/30/2024,496.38
10/31/2019,196.98
10/31/2022,277.8
10/31/2023,350.69
10/31/2024,483.85
11/01/2019,198.77
11/01/2021,387.23
11/01/2022,274.97
11/01/2023,356.77
11/01/2024,487.43
11/02/2020,269.84
11/02/2021,388.85
11/02/2022,265.54
11/02/2023,363.25
11/03/2020,274.51
11/03/2021,392.97
11/03/2022,260.35
11/03/2023,367.52
11/04/2019,199.99
11/04/2020,286.76
11/04/2021,398.01
11/04/2022,264.54
11/04/2024,486.01
11/05/2019,200.1
11/05/2020,294.24
11/05/2021,398.39
11/05/2024,492.21
11/06/2019,199.66
11/06/2020,294.46
11/06/2023,369.02
11/06/2024,505.58
11/07/2019,200.32
11/07/2022,267.45
11/07/2023,372.5
11/07/2024,513.54
11/08/2019,201.12
11/08/2021,397.85
11/08/2022,269.4
11/08/2023,372.74
11/08/2024,514.14
11/09/2020,288.44
11/09/2021,395.11
11/09/2022,263.18
11/09/2023,369.88
11/10/2020,283.27
11/10/2021,389.31
11/10/2022,282.6
11/10/2023,378.19
11/11/2019,200.85
11/11/2020,289.61
11/11/2021,390.38
11/11/2022,287.81
11/11/2024,513.84
11/12/2019,201.43
11/12/2020,288.25
11/12/2021,394.49
11/12/2024,512.91
11/13/2019,201.48
11/13/2020,290.78
11/13/2023,377.01
11/13/2024,512.25
11/14/2019,201.32
11/14/2022,285.29
11/14/2023,385.13
11/14/2024,508.69
11/15/2019,202.8
11/15/2021,394.4
11/15/2022,289.24
11/15/2023,385.42
11/15/2024,496.57
11/16/2020,293.05
11/16/2021,397.21
11/16/2022,285.29
11/16/2023,385.75
11/17/2020,292.12
11/17/2021,397.42
11/17/2022,284.66
11/17/2023,385.84
11/18/2019,202.96
11/18/2020,289.96
11/18/2021,401.54
11/18/2022,284.67
11/18/2024,500.02
11/19/2019,203.26
11/19/2020,292.23
11/19/2021,403.78
11/19/2024,503.46
11/20/2019,202.04
11/20/2020,290.23
11/20/2023,390.53
11/20/2024,503.17
11/21/2019,201.59
11/21/2022,281.74
11/21/2023,388.27
11/21/2024,504.98
11/22/2019,201.72
11/22/2021,399.09
11/22/2022,285.8
11/22/2023,389.86
11/22/2024,505.79
11/23/2020,290.24
11/23/2021,397.27
11/23/2022,288.67
11/24/2020,294.32
11/24/2021,398.55
11/24/2023,389.31
11/25/2019,204.11
11/25/2020,296.12
11/25/2022,286.77
11/25/2024,506.59
11/26/2019,204.5
11/26/2021,390.99
11/26/2024,509.31
11/27/2019,205.93
11/27/2020,298.85
11/27/2023,388.97
11/27/2024,505.3
11/28/2022,282.56
11/28/2023,389.99
11/29/2019,204.99
11/29/2021,399.48
11/29/2022,280.42
11/29/2023,389.61
11/29/2024,509.74
11/30/2020,299.46
11/30/2021,393.61
11/30/2022,293.21
11/30/2023,388.63
12/01/2020,303.3
12/01/2021,386.92
12/01/2022,293.57
12/01/2023,389.74
12/02/2019,202.89
12/02/2020,303.69
12/02/2021,389.71
12/02/2022,292.4
12/02/2024,515.29
12/03/2019,201.3
12/03/2020,304.12
12/03/2021,382.93
12/03/2024,516.87
12/04/2019,202.32
12/04/2020,305.36
12/04/2023,386.12
12/04/2024,523.26
12/05/2019,202.72
12/05/2022,287.49
12/05/2023,387.09
12/05/2024,521.81
12/06/2019,204.89
12/06/2021,386.0
12/06/2022,281.53
12/06/2023,384.85
12/06/2024,526.48
12/07/2020,307.09
12/07/2021,397.62
12/07/2022,280.38
12/07/2023,390.23
12/08/2020,308.13
12/08/2021,399.4
12/08/2022,283.7
12/08/2023,391.96
12/09/2019,203.96
12/09/2020,301.15
12/09/2021,393.52
12/09/2022,281.89
12/09/2024,522.38
12/10/2019,203.79
12/10/2020,302.36
12/10/2021,397.8
12/10/2024,520.6
12/11/2019,204.87
12/11/2020,301.69
12/11/2023,395.31
12/11/2024,529.92
12/12/2019,206.4
12/12/2022,285.43
12/12/2023,398.46
12/12/2024,526.5
12/13/2019,207.08
12/13/2021,392.05
12/13/2022,288.5
12/13/2023,403.53
12/13/2024,530.53
12/14/2020,303.88
12/14/2021,388.0
12/14/2022,286.36
12/14/2023,403.18
12/15/2020,307.13
12/15/2021,396.84
12/15/2022,276.74
12/15/2023,405.13
12/16/2019,209.16
12/16/2020,308.82
12/16/2021,386.64
12/16/2022,274.11
12/16/2024,538.17
12/17/2019,209.28
12/17/2020,310.84
12/17/2021,384.71
12/17/2024,535.8
12/18/2019,209.44
12/18/2020,309.9
12/18/2023,406.87
12/18/2024,516.47
12/19/2019,210.75
12/19/2022,269.61
12/19/2023,408.95
12/19/2024,514.17
12/20/2019,211.6
12/20/2021,380.49
12/20/2022,269.4
12/20/2023,402.87
12/20/2024,518.66
12/21/2020,308.76
12/21/2021,389.01
12/21/2022,273.31
12/21/2023,407.56
12/22/2020,309.6
12/22/2021,393.74
12/22/2022,266.62
12/22/2023,408.17
12/23/2019,211.7
12/23/2020,308.04
12/23/2021,396.71
12/23/2022,267.22
12/23/2024,522.87
12/24/2019,211.81
12/24/2020,309.4
12/24/2024,529.96
12/26/2019,213.68
12/26/2023,410.66
12/26/2024,529.6
12/27/2019,213.5
12/27/2021,403.27
12/27/2022,263.44
12/27/2023,411.5
12/27/2024,522.56
12/28/2020,312.52
12/28/2021,401.4
12/28/2022,259.96
12/28/2023,411.3
12/29/2020,312.8
12/29/2021,401.34
12/29/2022,266.3
12/29/2023,409.52
12/30/2019,212.1
12/30/2020,312.81
12/30/2021,400.14
12/30/2022,266.14
12/30/2024,515.61
12/31/2019,212.5
12/31/2020,313.58
12/31/2021,397.64
12/31/2024,511.23
