Date,VaR,Actual Loss,Violation
2021-07-30,17.58848545109737,3.6299999999999955,False
2021-08-02,18.38711766475444,3.8899999999999864,False
2021-08-03,16.643964210306706,-2.3799999999999955,False
2021-08-04,18.988766846571878,-1.509999999999991,False
2021-08-05,14.931997941706015,-3.1899999999999977,False
2021-08-06,15.760030210339096,-3.480000000000018,False
2021-08-09,15.685226601975899,-4.1299999999999955,False
2021-08-10,16.323716461294453,-0.029999999999972715,False
2021-08-11,15.59009643542231,1.1299999999999955,False
2021-08-12,15.582129050603442,2.140000000000043,False
2021-08-13,14.76827168299667,-0.7699999999999818,False
2021-08-16,14.199601274182726,-0.25,False
2021-08-17,12.592052597234556,1.1099999999999568,False
2021-08-18,15.25420404748229,4.0,False
2021-08-19,15.242191486570562,3.569999999999993,False
2021-08-20,16.02905562694866,1.089999999999975,False
2021-08-23,14.215428485047369,-4.239999999999952,False
2021-08-24,14.250868560424635,-8.629999999999995,False
2021-08-25,15.432931443529014,-12.580000000000041,False
2021-08-26,14.90726809418328,-8.450000000000045,False
2021-08-27,16.503155322167743,-8.299999999999955,False
2021-08-30,15.345787524031039,-7.03000000000003,False
2021-08-31,15.45560688989616,-5.579999999999984,False
2021-09-01,17.152578114024664,-5.779999999999973,False
2021-09-02,16.198127915590135,-7.979999999999961,False
2021-09-03,15.0342627533567,-5.53000000000003,False
2021-09-07,16.47666649286191,-1.8500000000000227,False
2021-09-08,15.217952287857656,-0.8299999999999841,False
2021-09-09,17.69336422299233,1.1100000000000136,False
2021-09-10,16.882030476654847,3.8100000000000023,False
2021-09-13,16.002758142243522,5.240000000000009,False
2021-09-14,15.61348629062968,6.850000000000023,False
2021-09-15,15.015687606098766,2.7299999999999613,False
2021-09-16,15.566610701692127,1.1599999999999682,False
2021-09-17,15.832917210495964,2.759999999999991,False
2021-09-20,14.607738213101584,10.620000000000005,False
2021-09-21,15.848656723119063,9.100000000000023,False
2021-09-22,16.874947615645397,8.470000000000027,False
2021-09-23,15.942723383041596,5.330000000000041,False
2021-09-24,17.478187482484884,0.5,False
2021-09-27,15.922204974358465,-4.650000000000034,False
2021-09-28,17.01451322186682,6.279999999999973,False
2021-09-29,18.210490528801472,10.29000000000002,False
2021-09-30,16.203572215495058,15.009999999999991,False
2021-10-01,15.808943924995901,13.139999999999986,False
2021-10-04,16.174357429005227,17.730000000000018,True
2021-10-05,16.064132948277404,2.490000000000009,False
2021-10-06,17.64402116858838,-0.3900000000000432,False
2021-10-07,18.283882887922232,-5.009999999999991,False
2021-10-08,16.664831397073158,-0.9800000000000182,False
2021-10-11,16.338614300825043,-5.769999999999982,False
2021-10-12,17.251112476733,0.2400000000000091,False
2021-10-13,21.178011128488436,-0.3299999999999841,False
2021-10-14,18.134494407420505,-3.660000000000025,False
2021-10-15,17.63675114839816,-7.779999999999973,False
2021-10-18,16.05904653306692,-14.25,False
2021-10-19,16.009124460928547,-18.319999999999993,False
2021-10-20,14.322937383927126,-14.96999999999997,False
2021-10-21,15.260983853505309,-10.629999999999995,False
2021-10-22,15.794653298454705,-5.149999999999977,False
2021-10-25,16.100041309295193,-5.28000000000003,False
2021-10-26,15.475651210253886,-3.650000000000034,False
2021-10-27,16.391266552114246,-5.020000000000039,False
2021-10-28,16.716047346866503,-6.949999999999989,False
2021-10-29,14.843204187100014,-12.010000000000048,False
2021-11-01,16.6212611276581,-9.5,False
2021-11-02,15.77700882269039,-9.930000000000007,False
2021-11-03,15.809378264895827,-13.170000000000016,False
2021-11-04,16.40279762151249,-13.990000000000009,False
2021-11-05,15.904168461132429,-12.479999999999961,False
2021-11-08,16.48286417988544,-10.620000000000005,False
2021-11-09,18.535846706114,-6.259999999999991,False
2021-11-10,17.57836826199167,3.660000000000025,False
2021-11-11,17.560402862862247,7.6299999999999955,False
2021-11-12,18.102055889698647,3.8999999999999773,False
2021-11-15,15.628665611235931,3.4500000000000455,False
2021-11-16,16.221763797398808,-2.099999999999966,False
2021-11-17,17.20527820657992,-8.110000000000014,False
2021-11-18,18.347086341502518,-11.160000000000025,False
2021-11-19,16.63831928343359,-9.289999999999964,False
2021-11-22,16.844831604332626,-4.689999999999998,False
2021-11-23,16.351947885414802,-0.060000000000002274,False
2021-11-24,18.62982966199712,-1.1299999999999955,False
2021-11-26,16.519767373245088,10.550000000000011,False
2021-11-29,17.521578526258736,4.2999999999999545,False
2021-11-30,17.11968995616354,5.479999999999961,False
2021-12-01,17.00356808492853,10.349999999999966,False
2021-12-02,16.756168158752075,8.840000000000032,False
2021-12-03,17.20163355644405,8.060000000000002,False
2021-12-06,17.419184173918723,13.480000000000018,False
2021-12-07,19.345859581079992,-4.009999999999991,False
2021-12-08,19.39281863574655,-12.479999999999961,False
2021-12-09,21.11757217141212,-3.8100000000000023,False
2021-12-10,17.587703712251596,-14.870000000000005,False
2021-12-13,17.816486390125476,-6.050000000000011,False
2021-12-14,21.071677964733567,9.620000000000005,False
2021-12-15,21.883290168057385,2.5600000000000023,False
2021-12-16,22.09740637877138,6.8799999999999955,False
2021-12-17,19.830121729926987,13.090000000000032,False
2021-12-20,18.423916227842824,11.560000000000002,False
2021-12-21,19.259284460608285,-1.009999999999991,False
2021-12-22,19.400952123649915,3.099999999999966,False
2021-12-23,18.80584468621271,-10.069999999999993,False
2021-12-27,21.37618056270952,-18.560000000000002,False
2021-12-28,20.763978461508714,-20.909999999999968,False
2021-12-29,19.74764899346252,-12.329999999999984,False
2021-12-30,20.740267164731677,-6.399999999999977,False
2021-12-31,20.94861878063176,-0.9300000000000068,False
2022-01-03,20.246482397974432,1.7999999999999545,False
2022-01-04,19.3358586285824,5.139999999999986,False
2022-01-05,18.415954733666524,17.25,False
2022-01-06,17.152576914163888,16.319999999999993,False
2022-01-07,16.36305376769127,17.97999999999996,True
2022-01-10,17.25977922570877,21.560000000000002,True
2022-01-11,17.937371374873692,10.639999999999986,False
2022-01-12,18.464417998738668,-3.0600000000000023,False
2022-01-13,19.280930504624052,6.360000000000014,False
2022-01-14,20.58241053060391,-0.14999999999997726,False
2022-01-18,18.75089333143262,9.550000000000011,False
2022-01-19,19.303152478374216,19.329999999999984,True
2022-01-20,19.138739369421444,25.620000000000005,True
2022-01-21,18.548188403799543,25.94999999999999,True
2022-01-24,20.877226688354426,26.69999999999999,True
2022-01-25,19.736422611615637,25.430000000000007,True
2022-01-26,22.565762350695024,21.900000000000034,False
2022-01-27,19.69819425248511,20.609999999999957,True
2022-01-28,19.297793611937323,-0.11000000000001364,False
2022-01-31,19.80761787098504,-9.75,False
2022-02-01,21.206637713513317,-20.399999999999977,False
2022-02-02,21.04291846768899,-23.910000000000025,False
2022-02-03,20.49879179964853,-12.439999999999998,False
2022-02-04,17.560732752863146,-6.199999999999989,False
2022-02-07,21.08357894458271,7.920000000000016,False
2022-02-08,21.800168035419574,6.399999999999977,False
2022-02-09,25.299801136966266,1.759999999999991,False
2022-02-10,19.98114431137958,-4.8799999999999955,False
2022-02-11,21.34996982929789,10.939999999999998,False
2022-02-14,20.495155317612102,7.6299999999999955,False
2022-02-15,22.241375613811215,2.990000000000009,False
2022-02-16,19.439551319590805,10.689999999999998,False
2022-02-17,19.885884323795665,12.970000000000027,False
2022-02-18,20.3740305660084,5.550000000000011,False
2022-02-22,21.491075590042215,9.410000000000025,False
2022-02-23,20.455277297323505,26.689999999999998,True
2022-02-24,22.833398761685373,15.54000000000002,False
2022-02-25,22.12812041523955,-0.3199999999999932,False
2022-02-28,19.8348161857582,-5.2900000000000205,False
2022-03-01,20.50185434553174,-3.410000000000025,False
2022-03-02,20.837507798064394,-17.79000000000002,False
2022-03-03,22.293985001870908,-1.7699999999999818,False
2022-03-04,22.05835731679008,8.46999999999997,False
2022-03-07,21.703297559446582,21.930000000000007,True
2022-03-08,20.018475993666584,18.129999999999995,False
2022-03-09,20.969539121956814,12.230000000000018,False
2022-03-10,20.88456459851932,10.979999999999961,False
2022-03-11,18.22193427735027,12.889999999999986,False
2022-03-14,18.76760537233872,6.689999999999998,False
2022-03-15,18.76142230849905,-4.800000000000011,False
2022-03-16,18.041873568626386,-5.329999999999984,False
2022-03-17,19.344926451384538,-13.159999999999968,False
2022-03-18,18.9761776672658,-27.079999999999984,False
2022-03-21,19.35952354473318,-31.899999999999977,False
2022-03-22,18.51363376945011,-28.789999999999964,False
2022-03-23,20.932442106413475,-11.509999999999991,False
2022-03-24,19.238012376001222,-15.199999999999989,False
2022-03-25,18.3678221170656,-7.850000000000023,False
2022-03-28,20.618867474557078,-14.82000000000005,False
2022-03-29,21.476558660935495,-14.230000000000018,False
2022-03-30,19.75763938456521,-15.25,False
2022-03-31,19.251869695959044,-2.890000000000043,False
2022-04-01,19.764549386912222,-2.5,False
2022-04-04,17.615746021571397,-4.389999999999986,False
2022-04-05,18.055792103919714,10.089999999999975,False
2022-04-06,17.292539236917207,13.829999999999984,False
2022-04-07,18.30832489293249,8.439999999999998,False
2022-04-08,17.376539907214863,12.689999999999998,False
2022-04-11,17.487088831935125,28.400000000000034,True
2022-04-12,16.370973117433778,21.640000000000043,True
2022-04-13,17.451832879851793,6.899999999999977,False
2022-04-14,16.943025872398437,15.660000000000025,False
2022-04-18,18.455720370319398,10.460000000000036,False
2022-04-19,17.387828439044767,-5.3700000000000045,False
2022-04-20,19.093321814325122,-1.759999999999991,False
2022-04-21,16.875116840810392,12.199999999999989,False
2022-04-22,17.887207816614136,13.019999999999982,False
2022-04-25,17.835966833503903,9.099999999999966,False
2022-04-26,16.937317857288974,29.109999999999957,True
2022-04-27,17.135787168867353,24.439999999999998,True
2022-04-28,16.36237576947002,6.130000000000052,False
2022-04-29,18.644135389538746,12.140000000000043,False
2022-05-02,19.265236903871767,11.100000000000023,False
2022-05-03,16.79830645749587,-1.67999999999995,False
2022-05-04,19.189522032090338,-12.840000000000032,False
2022-05-05,19.642817810785743,15.0,False
2022-05-06,19.189892720752596,4.0,False
2022-05-09,21.731888823088013,21.319999999999993,False
2022-05-10,19.028381448544167,18.049999999999955,False
2022-05-11,22.01372757934695,37.74000000000001,True
2022-05-12,22.9084703253547,21.839999999999975,False
2022-05-13,19.994024570074714,7.310000000000002,False
2022-05-16,20.5641016027663,-1.2899999999999636,False
2022-05-17,20.718529354929274,-5.409999999999968,False
2022-05-18,21.27021963342372,0.6999999999999886,False
2022-05-19,21.517986391096542,1.5699999999999932,False
2022-05-20,26.2737590484723,13.25,False
2022-05-23,19.42365489003646,4.949999999999989,False
2022-05-24,20.41324403632001,18.920000000000016,False
2022-05-25,26.225641759270957,-0.12000000000000455,False
2022-05-26,30.198382940367537,-9.740000000000009,False
2022-05-27,29.231203744053744,-20.410000000000025,False
2022-05-31,21.646045438839906,-14.79000000000002,False
2022-06-01,19.49504107031595,-18.75,False
2022-06-02,19.74348335449281,-23.099999999999966,False
2022-06-03,20.855632837555902,-6.8700000000000045,False
2022-06-06,20.741070602905666,1.8799999999999955,False
2022-06-07,20.151954366162386,-1.589999999999975,False
2022-06-08,19.118538050379698,-1.6400000000000432,False
2022-06-09,20.133364078558373,14.96999999999997,False
2022-06-10,19.156032034704708,17.350000000000023,False
2022-06-13,19.069066341335883,31.79000000000002,True
2022-06-14,18.505120323142705,33.94,True
2022-06-15,17.5816517659905,24.83000000000004,True
2022-06-16,17.545522596578223,27.99000000000001,True
2022-06-17,17.349096407600427,14.139999999999986,False
2022-06-21,18.146107175784323,-5.660000000000025,False
2022-06-22,19.704012512478982,-4.75,False
2022-06-23,20.79376140115778,-2.0500000000000114,False
2022-06-24,18.007089918126127,-23.20999999999998,False
2022-06-27,20.76510168854685,-17.75,False
2022-06-28,20.928657456724352,-2.4599999999999795,False
2022-06-29,19.709595147090226,-3.1299999999999955,False
2022-06-30,19.768835601450064,4.569999999999993,False
2022-07-01,18.89788884266784,12.479999999999961,False
2022-07-05,19.17740886194059,5.490000000000009,False
2022-07-06,17.646664657787994,-5.259999999999991,False
2022-07-07,18.040251703280205,-11.180000000000007,False
2022-07-08,17.913159327384335,-15.060000000000002,False
2022-07-11,18.572494644208405,-6.909999999999968,False
2022-07-12,17.450191864948124,0.7200000000000273,False
2022-07-13,17.406451824969395,3.1499999999999773,False
2022-07-14,15.771612032600956,8.310000000000002,False
2022-07-15,17.301214338291572,3.4699999999999704,False
2022-07-18,16.37401410727142,-0.36000000000001364,False
2022-07-19,17.71549477206048,-12.050000000000011,False
2022-07-20,17.177047120773295,-17.370000000000005,False
2022-07-21,15.17683389413935,-20.700000000000045,False
2022-07-22,16.606540386256768,-10.109999999999957,False
2022-07-25,16.206589711780964,-10.860000000000014,False
2022-07-26,15.499898168596019,3.919999999999959,False
2022-07-27,17.835560373658552,-3.7799999999999727,False
2022-07-28,18.354860549685668,-2.42999999999995,False
2022-07-29,18.058693677335498,-13.460000000000036,False
2022-08-01,15.394649754222712,-14.990000000000009,False
2022-08-02,14.77797223269448,-19.939999999999998,False
2022-08-03,15.34217054557024,-16.07000000000005,False
2022-08-04,19.131800688468047,-14.580000000000041,False
2022-08-05,17.930727618324795,-6.289999999999964,False
2022-08-08,18.018982267628132,-5.439999999999998,False
2022-08-09,18.529898949406743,-2.75,False
2022-08-10,19.89066095376893,-3.0399999999999636,False
2022-08-11,19.402152564894152,0.3199999999999932,False
2022-08-12,18.407868026911387,-8.640000000000043,False
2022-08-15,18.30582113457524,-12.349999999999966,False
2022-08-16,16.655567499907818,-15.199999999999989,False
2022-08-17,17.781200404328843,-2.5600000000000023,False
2022-08-18,18.49858325881553,-5.199999999999989,False
2022-08-19,17.249161090950338,7.53000000000003,False
2022-08-22,19.18185950572365,18.689999999999998,False
2022-08-23,18.525286567332103,18.170000000000016,False
2022-08-24,17.29033828855006,13.480000000000018,False
2022-08-25,17.380067560953705,8.699999999999989,False
2022-08-26,16.608442222254098,15.410000000000025,False
2022-08-29,16.41591154583415,9.949999999999989,False
2022-08-30,16.76186041361251,13.079999999999984,False
2022-08-31,16.023546979668424,15.729999999999961,False
2022-09-01,16.528508684950737,21.170000000000016,True
2022-09-02,17.893782944233806,12.259999999999991,False
2022-09-06,18.89055727615937,11.350000000000023,False
2022-09-07,18.262758957013943,2.0500000000000114,False
2022-09-08,16.267023763616407,-1.25,False
2022-09-09,17.1418112213654,-7.689999999999998,False
2022-09-12,15.730808977521463,-15.560000000000002,False
2022-09-13,16.582233862624832,-0.6500000000000341,False
2022-09-14,16.542156141832947,2.9399999999999977,False
2022-09-15,16.811143478960503,9.410000000000025,False
2022-09-16,17.297251898516834,17.75999999999999,True
2022-09-19,16.817469791402857,19.680000000000007,True
2022-09-20,15.331148116777172,4.970000000000027,False
2022-09-21,19.262536135320147,12.45999999999998,False
2022-09-22,19.53418362709931,11.029999999999973,False
2022-09-23,21.60919422319671,13.800000000000011,False
2022-09-26,17.530787762826264,16.66999999999996,False
2022-09-27,17.328218335903728,14.240000000000009,False
2022-09-28,16.829032659074528,3.6200000000000045,False
2022-09-29,15.973100495607468,8.189999999999998,False
2022-09-30,16.951026826512134,8.25,False
2022-10-03,16.526756093210793,0.8400000000000318,False
2022-10-04,15.544219850238164,-7.640000000000043,False
2022-10-05,15.790465280360422,-2.0399999999999636,False
2022-10-06,15.055212660917675,-7.8799999999999955,False
2022-10-07,14.811864300522274,-1.839999999999975,False
2022-10-10,16.794781693047753,7.1200000000000045,False
2022-10-11,17.06832646788638,19.370000000000005,True
2022-10-12,17.293339606615632,19.310000000000002,True
2022-10-13,18.32619208009038,10.930000000000007,False
2022-10-14,15.598308733419856,8.359999999999957,False
2022-10-17,18.077485971203686,-2.9399999999999977,False
2022-10-18,16.019473883260503,-8.729999999999961,False
2022-10-19,16.468465648993885,-7.830000000000041,False
2022-10-20,16.819864346210863,-0.29000000000002046,False
2022-10-21,16.06615081861588,-14.67999999999995,False
2022-10-24,17.00803528022098,-9.090000000000032,False
2022-10-25,17.62158642440062,-12.720000000000027,False
2022-10-26,17.159768298788833,-7.42999999999995,False
2022-10-27,15.632395168163981,-3.759999999999991,False
2022-10-28,16.693494831733517,-5.7900000000000205,False
2022-10-31,16.969190886888043,0.5,False
2022-11-01,17.677981241208272,9.089999999999975,False
2022-11-02,15.883186194881546,12.239999999999952,False
2022-11-03,16.27193347757509,12.379999999999995,False
2022-11-04,17.765110354508806,16.529999999999973,False
2022-11-07,17.82845707950736,10.350000000000023,False
2022-11-08,17.464269774306615,5.57000000000005,False
2022-11-09,15.804130818257732,2.3600000000000136,False
2022-11-10,17.02082338152647,-22.25,False
2022-11-11,16.99772901936393,-23.269999999999982,False
2022-11-14,16.66042945559053,-17.840000000000032,False
2022-11-15,16.967436312145907,-19.840000000000032,False
2022-11-16,16.627827417586303,-22.110000000000014,False
2022-11-17,16.810961620559965,-2.0600000000000023,False
2022-11-18,24.771506587121053,3.1399999999999864,False
2022-11-21,20.67997489131966,3.5500000000000114,False
2022-11-22,20.74268228337945,3.4399999999999977,False
2022-11-23,20.31721295571441,-3.3799999999999955,False
2022-11-25,20.713065383765127,-2.109999999999957,False
2022-11-28,20.007018351462534,2.1100000000000136,False
2022-11-29,18.281435299220504,1.3199999999999932,False
2022-11-30,17.466450668274092,-7.409999999999968,False
2022-12-01,19.1478817678518,-4.899999999999977,False
2022-12-02,19.091258238542196,-5.6299999999999955,False
2022-12-05,17.304660205334244,-4.930000000000007,False
2022-12-06,17.394331864292212,-1.1099999999999568,False
2022-12-07,18.173692236825673,12.829999999999984,False
2022-12-08,17.98381880420618,9.870000000000005,False
2022-12-09,18.594240167318844,10.509999999999991,False
2022-12-12,18.18455538746099,2.0600000000000023,False
2022-12-13,17.452104667733636,-6.970000000000027,False
2022-12-14,17.923781819038766,-5.980000000000018,False
2022-12-15,17.347389493108324,6.9599999999999795,False
2022-12-16,17.781649316381674,7.779999999999973,False
2022-12-19,17.187673433387374,15.819999999999993,False
2022-12-20,16.86916811036025,19.100000000000023,True
2022-12-21,16.775153343383977,13.050000000000011,False
2022-12-22,16.183895872086794,10.120000000000005,False
2022-12-23,17.041573370739115,6.889999999999986,False
2022-12-27,16.7973052250006,6.170000000000016,False
2022-12-28,16.32401258017316,9.439999999999998,False
2022-12-29,16.181877935047225,7.009999999999991,False
2022-12-30,15.754611624680678,0.4800000000000182,False
2023-01-03,17.06052838513878,2.8800000000000523,False
2023-01-04,16.840018820519333,-2.160000000000025,False
2023-01-05,15.150238177686134,-1.4800000000000182,False
2023-01-06,15.18414170440019,-2.3600000000000136,False
2023-01-09,16.244551339644374,-4.259999999999991,False
2023-01-10,15.3491724505092,-8.350000000000023,False
2023-01-11,16.012061295203637,-11.799999999999955,False
2023-01-12,14.771222915549203,-17.45999999999998,False
2023-01-13,15.510583022352762,-12.159999999999968,False
2023-01-17,16.793027719543232,-10.990000000000009,False
2023-01-18,17.585837844054254,-5.0400000000000205,False
2023-01-19,14.69142203328073,2.3899999999999864,False
2023-01-20,15.761200882293224,-3.6299999999999955,False
2023-01-23,15.004934446432458,-7.990000000000009,False
2023-01-24,15.683358401733358,-6.830000000000041,False
2023-01-25,14.449594013891385,-9.849999999999966,False
2023-01-26,16.062061349654186,-18.180000000000007,False
2023-01-27,15.517935666035783,-13.57000000000005,False
2023-01-30,15.916477469062386,-1.3100000000000023,False
2023-01-31,17.851122155586154,-6.25,False
2023-02-01,16.71033059253955,-13.180000000000007,False
2023-02-02,17.65590494330297,-18.370000000000005,False
2023-02-03,16.779801194553215,-9.919999999999959,False
2023-02-06,16.292100144169353,-13.310000000000002,False
2023-02-07,17.325376879374687,-15.25,False
2023-02-08,18.51448725590268,-3.4499999999999886,False
2023-02-09,18.035713816463044,10.04000000000002,False
2023-02-10,20.32132054136207,6.479999999999961,False
2023-02-13,19.77082304706323,-0.9099999999999682,False
2023-02-14,18.76478081489512,3.1300000000000523,False
2023-02-15,18.906534165423523,-4.730000000000018,False
2023-02-16,18.764774389079207,-1.6200000000000045,False
2023-02-17,16.767725671515393,-1.4599999999999795,False
2023-02-21,17.354781679088262,10.45999999999998,False
2023-02-22,18.4346652744307,12.489999999999952,False
2023-02-23,18.291886983191716,12.279999999999973,False
2023-02-24,17.99296800619493,11.439999999999998,False
2023-02-27,17.636457995759883,7.2099999999999795,False
2023-02-28,16.728089743435532,0.46999999999997044,False
2023-03-01,17.759541052799705,3.0500000000000114,False
2023-03-02,16.777404449982782,3.2000000000000455,False
2023-03-03,16.16824449292011,-7.819999999999993,False
2023-03-06,17.0249594236509,-6.069999999999993,False
2023-03-07,15.691563042840414,-2.769999999999982,False
2023-03-08,16.972966740856236,-6.610000000000014,False
2023-03-09,15.21363722171668,0.9499999999999886,False
2023-03-10,17.019147932454814,11.120000000000005,False
2023-03-13,16.8180327589248,9.319999999999993,False
2023-03-14,15.993790085780176,-1.0299999999999727,False
2023-03-15,16.166082417872303,-1.1099999999999568,False
2023-03-16,15.445640812071304,-14.139999999999986,False
2023-03-17,15.618817539220004,-16.80000000000001,False
2023-03-20,15.157984795946902,-15.269999999999982,False
2023-03-21,15.748618379573543,-12.970000000000027,False
2023-03-22,15.675669770327659,-7.189999999999998,False
2023-03-23,16.312691989694144,-2.9399999999999977,False
2023-03-24,17.531409882292053,-5.53000000000003,False
2023-03-27,15.567254962703203,-2.7900000000000205,False
2023-03-28,16.970192728688232,3.2200000000000273,False
2023-03-29,15.632620327799543,-6.600000000000023,False
2023-03-30,17.930805240233155,-5.920000000000016,False
2023-03-31,18.21129393178893,-10.029999999999973,False
2023-04-03,17.41110372094363,-11.379999999999995,False
2023-04-04,15.58998764179006,-11.939999999999998,False
2023-04-05,16.9050277401156,-3.1899999999999977,False
2023-04-06,18.103614925349007,-2.3700000000000045,False
2023-04-10,17.213656848095354,3.0600000000000023,False
2023-04-11,16.542577659929577,4.319999999999993,False
2023-04-12,18.12822399211211,6.019999999999982,False
2023-04-13,16.23849995734423,-3.25,False
2023-04-14,17.40061700869893,-0.5199999999999818,False
2023-04-17,17.417719891666763,-0.9700000000000273,False
2023-04-18,16.641252185710982,-3.0299999999999727,False
2023-04-19,14.491280713800563,-5.660000000000025,False
2023-04-20,16.38348112246797,2.8899999999999864,False
2023-04-21,17.228516918523894,1.9599999999999795,False
2023-04-24,18.381788936989892,2.890000000000043,False
2023-04-25,16.132586025765363,8.860000000000014,False
2023-04-26,16.189628069317166,6.830000000000041,False
2023-04-27,17.238413918027618,-4.069999999999993,False
2023-04-28,15.122799141036865,-5.949999999999989,False
2023-05-01,15.136582979587843,-6.240000000000009,False
2023-05-02,15.056762954577437,-9.379999999999995,False
2023-05-03,16.388361493556715,-5.410000000000025,False
2023-05-04,17.15199109138797,4.180000000000007,False
2023-05-05,16.76546826195721,-0.3300000000000409,False
2023-05-08,18.748686452339484,-1.5,False
2023-05-09,14.94211065080259,-2.2600000000000477,False
2023-05-10,16.349161100082142,-7.850000000000023,False
2023-05-11,16.467854363936908,-10.029999999999973,False
2023-05-12,17.27159122852521,-2.1399999999999864,False
2023-05-15,18.52221536042606,-3.1000000000000227,False
2023-05-16,17.37581627517403,-5.519999999999982,False
2023-05-17,16.48328106548098,-5.979999999999961,False
2023-05-18,17.361680174116373,-11.060000000000002,False
2023-05-19,15.919340845142415,-11.46999999999997,False
2023-05-22,17.8028826883658,-10.839999999999975,False
2023-05-23,17.67201467170605,-6.189999999999998,False
2023-05-24,17.82531976428379,-0.5300000000000296,False
2023-05-25,16.677461851129408,-2.4500000000000455,False
2023-05-26,17.151336796499038,-11.890000000000043,False
2023-05-30,17.922226102750983,-12.340000000000032,False
2023-05-31,16.685241617397367,-14.629999999999995,False
2023-06-01,18.039429504543023,-20.349999999999966,False
2023-06-02,17.91615567970547,-14.919999999999959,False
2023-06-05,17.78562983984233,-6.489999999999952,False
2023-06-06,19.12019522172983,-4.849999999999966,False
2023-06-07,20.296918434382235,-0.8299999999999841,False
2023-06-08,18.64075383016467,-1.1299999999999955,False
2023-06-09,19.706793344483913,0.14999999999997726,False
2023-06-12,17.920104503290816,-5.590000000000032,False
2023-06-13,18.245121180437422,-8.420000000000016,False
2023-06-14,17.517261793331386,-17.069999999999993,False
2023-06-15,18.082434956039037,-17.110000000000014,False
2023-06-16,19.025538525838158,-13.430000000000007,False
2023-06-20,19.504291058550905,-6.409999999999968,False
2023-06-21,19.464999002391096,1.3600000000000136,False
2023-06-22,19.23831787940128,-0.27000000000003865,False
2023-06-23,18.794592542454268,7.71999999999997,False
2023-06-26,19.70718035671814,10.25,False
2023-06-27,19.472493721900946,3.069999999999993,False
2023-06-28,17.74336706197579,-2.640000000000043,False
2023-06-29,18.006270282868343,2.3600000000000136,False
2023-06-30,18.18565099136009,-6.8799999999999955,False
2023-07-03,19.08986228425482,-12.610000000000014,False
2023-07-05,18.214973206106606,-6.449999999999989,False
2023-07-06,19.09619011210509,-2.919999999999959,False
2023-07-07,19.14937807500769,-2.430000000000007,False
2023-07-10,18.491462786329464,3.0600000000000023,False
2023-07-11,19.659888464380856,2.1200000000000045,False
2023-07-12,20.35542307165531,-2.5300000000000296,False
2023-07-13,19.205427608867808,-11.680000000000007,False
2023-07-14,18.42085356791989,-12.819999999999993,False
2023-07-17,18.711838634752326,-16.24000000000001,False
2023-07-18,18.16721277907351,-17.560000000000002,False
2023-07-19,18.42630134093565,-12.829999999999984,False
2023-07-20,20.085123870237396,2.3899999999999864,False
2023-07-21,20.027791566551798,3.4399999999999977,False
2023-07-24,19.618669380363315,6.380000000000052,False
2023-07-25,19.30841625326491,6.960000000000036,False
2023-07-26,19.67221871571178,8.129999999999995,False
2023-07-27,18.392196895674658,0.13999999999998636,False
2023-07-28,20.662907887189192,-7.849999999999966,False
2023-07-31,18.889075207694304,-7.4500000000000455,False
2023-08-01,20.386339012668202,-4.009999999999991,False
2023-08-02,19.87634670245103,3.1299999999999955,False
2023-08-03,19.912727689047188,2.830000000000041,False
2023-08-04,19.989913665294978,11.439999999999998,False
2023-08-07,19.073305017072016,8.490000000000009,False
2023-08-08,20.47683420358061,10.789999999999964,False
2023-08-09,18.787053091736595,6.46999999999997,False
2023-08-10,19.738632810890977,5.189999999999998,False
2023-08-11,19.428322433959124,5.789999999999964,False
2023-08-14,20.341366065802617,4.829999999999984,False
2023-08-15,19.52734832179607,5.569999999999993,False
2023-08-16,19.38769240248405,5.3700000000000045,False
2023-08-17,20.3012617441903,10.009999999999991,False
2023-08-18,19.584452510249264,8.110000000000014,False
2023-08-21,18.81923020921579,6.4500000000000455,False
2023-08-22,19.660119188189867,3.0400000000000205,False
2023-08-23,20.79655236521819,-6.569999999999993,False
2023-08-24,19.230594853104492,-2.6399999999999864,False
2023-08-25,18.141893255489776,-5.889999999999986,False
2023-08-28,19.51907875908563,-2.8600000000000136,False
2023-08-29,19.413533022602167,-11.379999999999995,False
2023-08-30,19.34799012443409,-7.740000000000009,False
2023-08-31,19.20921175824668,-16.760000000000048,False
2023-09-01,20.107330980096663,-13.560000000000002,False
2023-09-05,19.14346853861474,-11.300000000000011,False
2023-09-06,18.999397322072753,0.029999999999972715,False
2023-09-07,20.52737737958705,4.800000000000011,False
2023-09-08,20.001445463776463,5.410000000000025,False
2023-09-11,21.660773565071338,0.6200000000000045,False
2023-09-12,20.414842332947103,5.28000000000003,False
2023-09-13,20.294524168333396,0.5300000000000296,False
2023-09-14,19.483512448192982,-5.2099999999999795,False
2023-09-15,18.713331782381374,1.759999999999991,False
2023-09-18,19.200349591016163,6.2999999999999545,False
2023-09-19,18.639343316653253,2.909999999999968,False
2023-09-20,21.06000816179676,9.659999999999968,False
2023-09-21,19.1321765422295,19.399999999999977,True
2023-09-22,18.68673102779593,12.899999999999977,False
2023-09-25,19.479079535003564,11.050000000000011,False
2023-09-26,20.695806415129027,15.660000000000025,False
2023-09-27,19.752245337101044,9.5,False
2023-09-28,18.474146128921006,-0.14999999999997726,False
2023-09-29,19.370876123297307,-0.3599999999999568,False
2023-10-02,18.897539825861315,-1.6499999999999773,False
2023-10-03,19.652625324822054,-0.7100000000000364,False
2023-10-04,19.53146522182061,-4.7099999999999795,False
2023-10-05,18.89663410718134,-0.6800000000000068,False
2023-10-06,18.723602058167387,-6.430000000000007,False
2023-10-09,17.730240624071882,-5.300000000000011,False
2023-10-10,18.725311772285124,-13.669999999999959,False
2023-10-11,20.52515891135573,-11.46999999999997,False
2023-10-12,20.272784449080916,-11.240000000000009,False
2023-10-13,19.49504522173504,-0.5799999999999841,False
2023-10-16,20.42209551027156,-2.8500000000000227,False
2023-10-17,21.418043412225188,0.38999999999998636,False
2023-10-18,20.30816598480442,7.849999999999966,False
2023-10-19,20.439804047573887,9.960000000000036,False
2023-10-20,19.079631391299642,10.67999999999995,False
2023-10-23,19.427363983086934,13.740000000000009,False
2023-10-24,20.731301172550786,9.069999999999993,False
2023-10-25,18.495737978633997,13.019999999999982,False
2023-10-26,20.011398865226226,16.299999999999955,False
2023-10-27,20.77422649052278,9.28000000000003,False
2023-10-30,19.098674095915214,6.460000000000036,False
2023-10-31,19.340506311164518,8.25,False
2023-11-01,17.85580173367856,-6.609999999999957,False
2023-11-02,18.785296221075896,-19.769999999999982,False
2023-11-03,19.53642234067047,-22.389999999999986,False
2023-11-06,18.789621723030848,-20.0,False
2023-11-07,20.43061019389603,-21.810000000000002,False
2023-11-08,20.80131382444108,-15.970000000000027,False
2023-11-09,20.88310072111358,-6.6299999999999955,False
2023-11-10,21.167871705661298,-10.670000000000016,False
2023-11-13,21.283477630057916,-7.990000000000009,False
2023-11-14,19.963966839569082,-12.629999999999995,False
2023-11-15,20.448592743321456,-12.680000000000007,False
2023-11-16,19.636748569066697,-15.870000000000005,False
2023-11-17,20.612692117319227,-7.649999999999977,False
2023-11-20,20.41433455369571,-13.519999999999982,False
2023-11-21,21.706353756236126,-3.1399999999999864,False
2023-11-22,23.978088693679183,-4.439999999999998,False
2023-11-24,21.792118759228686,-3.5600000000000023,False
2023-11-27,21.144898348800382,-3.1300000000000523,False
2023-11-28,21.72093956316104,0.5399999999999636,False
2023-11-29,20.995367736980256,-1.3400000000000318,False
2023-11-30,20.264222063133104,1.2300000000000182,False
2023-12-01,20.498094484581998,-0.4300000000000068,False
2023-12-04,21.44470433051822,2.8500000000000227,False
2023-12-05,21.13742272586751,2.900000000000034,False
2023-12-06,19.464968512860594,4.759999999999991,False
2023-12-07,19.332814818360987,-1.6000000000000227,False
2023-12-08,17.89962575290781,-2.2199999999999704,False
2023-12-11,20.141403476208154,-9.189999999999998,False
2023-12-12,20.97056879032823,-11.370000000000005,False
2023-12-13,20.212904611397448,-18.67999999999995,False
2023-12-14,19.275697436758264,-12.949999999999989,False
2023-12-15,20.41962299167659,-13.170000000000016,False
2023-12-18,20.30914054380537,-11.560000000000002,False
2023-12-19,20.640982696004016,-10.490000000000009,False
2023-12-20,20.02969792456298,0.6599999999999682,False
2023-12-21,19.87843765448656,-4.3799999999999955,False
2023-12-22,19.645333971734942,-3.0400000000000205,False
2023-12-26,18.154187929948534,-3.7900000000000205,False
2023-12-27,20.323065492967146,-2.5500000000000114,False
2023-12-28,21.08403257618744,-8.430000000000007,False
2023-12-29,21.4524845961011,-1.9599999999999795,False
2024-01-02,21.403711652111042,5.580000000000041,False
2024-01-03,21.032814340690948,12.330000000000041,False
2024-01-04,22.525651901390006,15.220000000000027,False
2024-01-05,20.798839754105074,14.550000000000011,False
2024-01-08,20.398615693104716,4.569999999999993,False
2024-01-09,20.57709394203374,-3.160000000000025,False
2024-01-10,19.395319316058306,-10.170000000000016,False
2024-01-11,21.718787161096998,-13.07000000000005,False
2024-01-12,19.848614518312104,-12.810000000000002,False
2024-01-16,19.498220637831082,-4.569999999999993,False
2024-01-17,21.342233000314764,-1.4599999999999795,False
2024-01-18,21.02516749886604,-4.490000000000009,False
2024-01-19,20.82312632145363,-11.829999999999984,False
2024-01-22,22.002379104319118,-12.170000000000016,False
2024-01-23,22.008672648176116,-13.960000000000036,False
2024-01-24,19.894472626476386,-18.620000000000005,False
2024-01-25,21.225360710939867,-13.360000000000014,False
2024-01-26,21.327648999700557,-2.6299999999999955,False
2024-01-29,21.3425963322573,-6.419999999999959,False
2024-01-30,22.04812991120292,-1.8199999999999932,False
2024-01-31,22.221095207409974,8.859999999999957,False
2024-02-01,21.053044465495304,4.470000000000027,False
2024-02-02,19.882266568053524,-5.199999999999989,False
2024-02-05,22.916297187624366,-0.30000000000001137,False
2024-02-06,20.32409583150229,-2.2899999999999636,False
2024-02-07,21.20116982582823,-15.019999999999982,False
2024-02-08,22.27555973069093,-10.910000000000025,False
2024-02-09,21.73459241966242,-8.04000000000002,False
2024-02-12,21.766148460627562,-6.889999999999986,False
2024-02-13,21.57307981572535,-0.9600000000000364,False
2024-02-14,21.836682859176108,-1.2300000000000182,False
2024-02-15,20.952556424064937,-1.7199999999999704,False
2024-02-16,21.525696736945008,6.480000000000018,False
2024-02-20,19.103987932006362,8.019999999999982,False
2024-02-21,19.72052846359071,2.9399999999999977,False
2024-02-22,21.339481277677237,-4.849999999999966,False
2024-02-23,21.447844290437956,-2.269999999999982,False
2024-02-26,21.081675311999106,-5.980000000000018,False
2024-02-27,21.017585358026736,-10.28000000000003,False
2024-02-28,20.958209609794096,-9.659999999999968,False
2024-02-29,20.278304833220204,-0.9300000000000068,False
2024-03-01,21.914628375221184,-8.830000000000041,False
2024-03-04,21.761380139101448,-7.46999999999997,False
2024-03-05,22.022988836773663,1.5500000000000114,False
2024-03-06,18.976297872950056,-3.5200000000000387,False
2024-03-07,21.412889293420847,-6.449999999999989,False
2024-03-08,22.48738968264513,6.590000000000032,False
2024-03-11,20.845786173742226,6.6299999999999955,False
2024-03-12,20.99036922360932,-7.610000000000014,False
2024-03-13,20.437438072992848,-1.4599999999999795,False
2024-03-14,22.51404538578555,6.310000000000002,False
2024-03-15,22.025356387649992,5.099999999999966,False
2024-03-18,21.39248740823541,-0.09000000000003183,False
2024-03-19,21.4443106886809,5.090000000000032,False
2024-03-20,21.91123687763246,-3.519999999999982,False
2024-03-21,20.240271389888164,-6.730000000000018,False
2024-03-22,20.79322926627458,-12.45999999999998,False
2024-03-25,21.03476387524114,-7.279999999999973,False
2024-03-26,21.537636453023026,-4.75,False
2024-03-27,21.431474388068807,-1.0600000000000023,False
2024-03-28,20.92277229143184,1.8600000000000136,False
2024-04-01,20.45409937438137,1.4300000000000068,False
2024-04-02,21.832396079564603,3.6499999999999773,False
2024-04-03,22.37436854425306,1.2199999999999704,False
2024-04-04,21.798864442410718,9.490000000000009,False
2024-04-05,20.611017097322247,3.5399999999999636,False
2024-04-08,21.16072571887844,4.349999999999966,False
2024-04-09,19.218094455190112,-1.1200000000000045,False
2024-04-10,19.761669791238432,3.730000000000018,False
2024-04-11,20.97730707380674,-10.03000000000003,False
2024-04-12,21.79941724225779,2.2000000000000455,False
2024-04-15,21.011859609193777,9.54000000000002,False
2024-04-16,19.912666729138436,11.129999999999995,False
2024-04-17,20.3970246502779,12.53000000000003,False
2024-04-18,19.497389094824257,21.95999999999998,True
2024-04-19,20.045185444874562,23.620000000000005,True
2024-04-22,19.76314050739768,12.240000000000009,False
2024-04-23,20.840055718897133,6.03000000000003,False
2024-04-24,19.280253457702088,-0.6700000000000159,False
2024-04-25,20.17923927920077,-1.0399999999999636,False
2024-04-26,20.24411595106318,-16.350000000000023,False
2024-04-29,20.025660455637933,-13.930000000000007,False
2024-04-30,19.529227147595122,0.4800000000000182,False
2024-05-01,20.41411433401163,4.990000000000009,False
2024-05-02,18.841093839896814,-2.4499999999999886,False
2024-05-03,19.906267560084018,-4.480000000000018,False
2024-05-06,20.201890015444633,-7.5,False
2024-05-07,18.39925806231639,-15.730000000000018,False
2024-05-08,19.77542465694745,-18.54000000000002,False
2024-05-09,19.576038203515395,-14.120000000000005,False
2024-05-10,19.145686073039656,-6.579999999999984,False
2024-05-13,19.890245132317887,-2.829999999999984,False
2024-05-14,19.755897195047112,-5.610000000000014,False
2024-05-15,19.77574835107839,-12.839999999999975,False
2024-05-16,18.95410259635088,-10.960000000000036,False
2024-05-17,19.423555623979667,-9.699999999999989,False
2024-05-20,17.72986453824558,-11.830000000000041,False
2024-05-21,20.15470927432,-9.870000000000005,False
2024-05-22,19.74490649791096,-2.8100000000000023,False
2024-05-23,19.439421777007567,-1.6800000000000068,False
2024-05-24,19.844108390800216,-6.189999999999998,False
2024-05-28,19.058452963363777,-4.769999999999982,False
2024-05-29,19.023242830703737,-0.6399999999999864,False
2024-05-30,17.557290500412705,4.159999999999968,False
2024-05-31,18.753318324640077,2.9500000000000455,False
2024-06-03,18.97125833158475,4.819999999999993,False
2024-06-04,18.751926910923032,5.310000000000002,False
2024-06-05,18.324060940088714,-7.089999999999975,False
2024-06-06,18.972988031534328,-11.819999999999993,False
2024-06-07,20.036267234906973,-12.25,False
2024-06-10,19.638399339664375,-11.699999999999989,False
2024-06-11,17.625131709374955,-13.649999999999977,False
2024-06-12,17.60396468255766,-10.620000000000005,False
2024-06-13,20.229149344708787,-13.350000000000023,False
2024-06-14,18.604627802110826,-16.230000000000018,False
2024-06-17,18.651062755475834,-20.230000000000018,False
2024-06-18,18.153986360737406,-17.189999999999998,False
2024-06-20,18.762250191777753,-7.32000000000005,False
2024-06-21,17.823253999658277,-3.4599999999999795,False
2024-06-24,18.42713910024679,5.230000000000018,False
2024-06-25,19.768124020012124,5.680000000000007,False
2024-06-26,18.994751142874065,4.839999999999975,False
2024-06-27,17.55496208513074,-0.13999999999998636,False
2024-06-28,16.964381762026107,1.0699999999999932,False
2024-07-01,18.98467869388162,-7.960000000000036,False
2024-07-02,15.814857291005865,-7.600000000000023,False
2024-07-03,18.23875603239776,-10.670000000000016,False
2024-07-05,18.109980868725984,-14.550000000000011,False
2024-07-08,18.218728889742863,-18.22999999999996,False
2024-07-09,17.30540485871967,-15.849999999999966,False
2024-07-10,18.562743272399985,-15.979999999999961,False
2024-07-11,18.40431088147136,-0.8899999999999864,False
2024-07-12,18.168635760468078,1.3400000000000318,False
2024-07-15,19.120094844686093,1.1899999999999977,False
2024-07-16,17.53355566283625,1.4300000000000068,False
2024-07-17,18.872844549980414,21.189999999999998,True
2024-07-18,17.214266778528327,12.439999999999998,False
2024-07-19,19.719827601377517,19.579999999999984,False
2024-07-22,20.58614389749215,13.829999999999984,False
2024-07-23,19.52236033536542,15.71999999999997,False
2024-07-24,17.50329436741879,18.389999999999986,True
2024-07-25,20.713481670810495,21.220000000000027,True
2024-07-26,20.546158275720074,12.269999999999982,False
2024-07-29,18.83405675249446,18.420000000000016,False
2024-07-30,17.30843932062851,23.090000000000032,True
2024-07-31,18.52631356205137,-7.689999999999998,False
2024-08-01,21.25837436482675,-1.3900000000000432,False
2024-08-02,21.86470383036186,14.220000000000027,False
2024-08-05,21.055545154811625,28.529999999999973,True
2024-08-06,19.07670685011948,18.0,False
2024-08-07,20.64573355882942,36.30000000000001,True
2024-08-08,22.089628819202744,11.590000000000032,False
2024-08-09,19.76364676741713,-1.660000000000025,False
2024-08-12,20.913975606099427,-16.00999999999999,False
2024-08-13,22.113359884706426,-23.05000000000001,False
2024-08-14,21.132208100682305,-27.960000000000036,False
2024-08-15,24.679302666263652,-26.350000000000023,False
2024-08-16,23.026744805256158,-24.619999999999948,False
2024-08-19,22.28481690543674,-29.889999999999986,False
2024-08-20,23.58770717958987,-17.680000000000007,False
2024-08-21,22.685839014819408,-19.769999999999982,False
2024-08-22,24.959228913654613,-0.4300000000000068,False
2024-08-23,22.7506723675059,-4.970000000000027,False
2024-08-26,22.144494214727274,5.930000000000007,False
2024-08-27,23.21964997180612,3.5,False
2024-08-28,23.53095962319236,11.149999999999977,False
2024-08-29,20.59491975460128,4.189999999999998,False
2024-08-30,22.9383583597222,3.730000000000018,False
2024-09-03,21.429059771976426,13.529999999999973,False
2024-09-04,21.280835733079073,16.149999999999977,False
2024-09-05,19.800433193866468,10.310000000000002,False
2024-09-06,21.210973009116458,21.970000000000027,True
2024-09-09,21.60096215187383,21.810000000000002,True
2024-09-10,20.61702379257514,3.1499999999999773,False
2024-09-11,21.731762633015705,-8.009999999999991,False
2024-09-12,19.679348996099748,-12.180000000000007,False
2024-09-13,17.93916196259255,-26.649999999999977,False
2024-09-16,20.96804278555527,-18.78000000000003,False
2024-09-17,19.717699369958552,-14.829999999999984,False
2024-09-18,22.543152733178715,-2.819999999999993,False
2024-09-19,22.250718915958885,-10.139999999999986,False
2024-09-20,20.84756765124564,-7.100000000000023,False
2024-09-23,22.179631786044126,-9.800000000000011,False
2024-09-24,21.026805770941962,-11.879999999999995,False
2024-09-25,19.930225893512386,-14.379999999999995,False
2024-09-26,18.137073426942777,-6.110000000000014,False
2024-09-27,19.98307642981632,-4.310000000000002,False
2024-09-30,21.376825093304205,-5.029999999999973,False
2024-10-01,19.81035718156079,4.100000000000023,False
2024-10-02,20.315932956730308,3.8700000000000045,False
2024-10-03,20.259590740277247,7.880000000000052,False
2024-10-04,18.634860922238886,-0.5699999999999932,False
2024-10-07,18.500506826846845,5.96999999999997,False
2024-10-08,20.144989309821653,-8.03000000000003,False
2024-10-09,18.2836777179906,-11.199999999999989,False
2024-10-10,18.781716048550834,-11.0,False
2024-10-11,17.255147598961685,-6.0400000000000205,False
2024-10-14,18.462916950427143,-15.399999999999977,False
2024-10-15,17.030711697489266,-1.5500000000000114,False
2024-10-16,20.28531911394839,2.2399999999999523,False
2024-10-17,17.84804183259456,1.339999999999975,False
2024-10-18,17.86026580084581,-1.1100000000000136,False
2024-10-21,17.133858605510056,2.079999999999984,False
2024-10-22,17.312544730577883,-5.109999999999957,False
2024-10-23,18.848989476069107,2.5500000000000114,False
2024-10-24,18.01707452374319,-1.0699999999999932,False
2024-10-25,17.753096440171475,-0.8499999999999659,False
2024-10-28,18.16950882845174,0.020000000000038654,False
2024-10-29,17.349656498511877,-4.2000000000000455,False
2024-10-30,15.856975041403246,-8.019999999999982,False
2024-10-31,17.173935176561315,8.46999999999997,False
2024-11-01,18.468332435572734,7.889999999999986,False
2024-11-04,17.209649138458474,9.389999999999986,False
2024-11-05,18.031374870888328,7.9500000000000455,False
2024-11-06,15.47725040816323,-9.199999999999989,False
2024-11-07,17.28447870988805,-29.68999999999994,False
2024-11-08,16.290364258214765,-26.70999999999998,False
2024-11-11,16.28988668930333,-27.83000000000004,False
2024-11-12,18.530841774228804,-20.69999999999999,False
2024-11-13,19.078469457004132,-6.670000000000016,False
2024-11-14,18.81191241717238,4.849999999999966,False
2024-11-15,18.3095547352641,17.569999999999993,False
2024-11-18,19.31101213483157,13.82000000000005,False
2024-11-19,18.771812786685587,9.449999999999989,False
2024-11-20,18.034927882924478,9.079999999999984,False
2024-11-21,17.657359904954717,3.7099999999999795,False
2024-11-22,18.28403425263957,-9.220000000000027,False
2024-11-25,18.32942036911294,-6.569999999999993,False
2024-11-26,19.397631744159753,-5.850000000000023,False
2024-11-27,20.13490583661178,-2.1299999999999955,False
2024-11-29,18.195409325414744,-4.759999999999991,False
2024-12-02,16.790370132195278,-9.499999999999943,False
2024-12-03,17.535106037453204,-10.28000000000003,False
2024-12-04,17.03409902997862,-13.949999999999989,False
2024-12-05,16.83702839854891,-16.509999999999934,False
2024-12-06,17.726975694147256,-16.74000000000001,False
2024-12-09,16.037116958429635,-7.090000000000032,False
2024-12-10,17.47019209116729,-3.730000000000018,False
2024-12-11,17.503484050153986,-6.659999999999968,False
2024-12-12,18.856773889950375,-4.690000000000055,False
2024-12-13,17.793522883331264,-4.0499999999999545,False
2024-12-16,15.884456858574652,-15.789999999999964,False
2024-12-17,17.648170266408272,-15.199999999999932,False
2024-12-18,19.761484319872864,13.449999999999932,False
2024-12-19,18.30227448391389,12.330000000000041,False
2024-12-20,18.40555029605025,11.870000000000005,False
2024-12-23,17.16812240460399,15.299999999999955,False
2024-12-24,19.358717503375487,5.839999999999918,False
2024-12-26,19.293325393899806,-13.129999999999995,False
2024-12-27,19.88656457691269,-8.389999999999986,False
2024-12-30,17.404797536074682,3.0499999999999545,False
2024-12-31,17.81751992960875,11.639999999999986,False
2025-01-02,17.329540370317204,19.730000000000018,True
2025-01-03,17.56562684814594,11.019999999999982,False
2025-01-06,18.130168916895286,-1.9800000000000182,False
2025-01-07,18.643890836488822,0.43000000000006366,False
2025-01-08,17.08683770866861,-4.039999999999964,False
2025-01-10,17.634261391900566,3.0400000000000205,False
2025-01-13,18.473959858787907,13.020000000000039,False
2025-01-14,16.380391667356264,19.45999999999998,True
2025-01-15,19.095898926646555,-1.5200000000000955,False
2025-01-16,18.634715004864802,2.189999999999941,False
2025-01-17,19.128276394994714,-14.550000000000011,False
2025-01-21,18.188652678442452,-19.239999999999952,False
2025-01-22,19.035604319375352,-26.430000000000007,False
2025-01-23,16.856076308799175,-15.93999999999994,False
2025-01-24,18.31053780769753,-16.549999999999955,False
2025-01-27,18.79992048211676,7.529999999999973,False
2025-01-28,18.20256213393219,2.990000000000009,False
2025-01-29,18.31340778392746,10.67999999999995,False
2025-01-30,17.26671084986242,9.590000000000032,False
2025-01-31,20.165939924150905,7.340000000000032,False
2025-02-03,18.51674631274335,-3.8999999999999773,False
2025-02-04,18.521925458491467,-2.660000000000082,False
2025-02-05,18.877804812075624,-6.019999999999982,False
2025-02-06,18.18775142839405,-6.550000000000068,False
2025-02-07,18.94809523247261,-0.6299999999999955,False
2025-02-10,19.649461737382126,-11.139999999999986,False
2025-02-11,18.342341359442628,-3.519999999999982,False
2025-02-12,18.048531846267963,-1.4499999999999318,False
2025-02-13,19.246533817352827,-6.2999999999999545,False
2025-02-14,18.634837988967035,-15.230000000000018,False
2025-02-18,18.087504492819562,-10.120000000000005,False
2025-02-19,17.75443346077003,-11.529999999999973,False
2025-02-20,17.23799308847765,-8.930000000000064,False
2025-02-21,18.41651050664609,9.819999999999936,False
2025-02-24,18.20165319943885,18.279999999999973,True
2025-02-25,18.97639460246762,26.049999999999955,True
2025-02-26,17.335388120495168,24.960000000000036,True
2025-02-27,17.887961881719434,36.960000000000036,True
2025-02-28,18.088400144275795,17.910000000000025,False
2025-03-03,17.1463361165151,22.819999999999993,True
2025-03-04,16.767256366957668,17.77000000000004,True
2025-03-05,16.48365818917108,12.549999999999955,False
2025-03-06,18.730067637434672,12.069999999999993,False
2025-03-07,18.156586859835727,16.379999999999995,False
2025-03-10,17.29793571921971,24.319999999999993,True
2025-03-11,19.190606248581844,23.94999999999999,True
2025-03-12,17.119998462440435,25.089999999999975,True
2025-03-13,18.990972587699105,19.860000000000014,True
2025-03-14,17.49358263817396,12.129999999999995,False
2025-03-17,16.746060033531478,-10.039999999999964,False
2025-03-18,19.195735945511103,-2.9399999999999977,False
2025-03-19,18.208942032996447,-3.9699999999999704,False
2025-03-20,17.307356041390904,-10.920000000000016,False
2025-03-21,19.429131645604002,-1.17999999999995,False
2025-03-24,18.113262685037284,-7.890000000000043,False
2025-03-25,18.115957191370626,-18.91999999999996,False
2025-03-26,18.89546375792912,-3.490000000000009,False
2025-03-27,19.135242513183584,-2.3600000000000136,False
2025-03-28,17.610256289767847,11.899999999999977,False
2025-03-31,18.127743292917273,21.74000000000001,True
2025-04-01,17.634982124910096,20.75999999999999,True
2025-04-02,17.554712854178376,8.230000000000018,False
2025-04-03,17.761094282700412,30.95999999999998,True
2025-04-04,16.626061310462944,46.26999999999998,True
2025-04-07,16.93574708460386,45.23000000000002,True
2025-04-08,17.009050755553687,56.639999999999986,True
2025-04-09,18.28038309999448,10.149999999999977,False
2025-04-10,19.022191482141068,4.480000000000018,False
2025-04-11,21.56957269802001,-31.72999999999996,False
2025-04-14,27.577534159503386,-33.79000000000002,False
2025-04-15,25.00585009839199,-41.93000000000001,False
2025-04-16,28.033485598823347,21.819999999999993,False
2025-04-17,44.77295584437769,2.079999999999984,False
2025-04-21,45.37684486104291,21.289999999999964,False
2025-04-22,45.17095226862858,13.0,False
2025-04-23,39.300009001226954,3.430000000000007,False
2025-04-24,38.78872525879035,-23.170000000000016,False
2025-04-25,36.94071868168868,-28.45999999999998,False
2025-04-28,32.118520379372114,-39.30000000000001,False
2025-04-29,33.34191723867025,-31.049999999999955,False
2025-04-30,33.62952668060757,-20.910000000000025,False
2025-05-01,32.58030975341421,-14.329999999999984,False
2025-05-02,31.867240853555018,-16.269999999999982,False
2025-05-05,31.01516655845643,-13.519999999999982,False
2025-05-06,32.44108345213709,-5.880000000000052,False
2025-05-07,31.71722451339309,-7.829999999999984,False
2025-05-08,31.135112829414652,-6.610000000000014,False
2025-05-09,27.88990673705922,0.8599999999999568,False
2025-05-12,27.05362996350027,-21.920000000000016,False
2025-05-13,25.923860439660302,-34.18000000000001,False
2025-05-14,22.016146423430428,-35.37999999999994,False
2025-05-15,22.414789691159285,-30.95999999999998,False
2025-05-16,21.687695659971155,-33.539999999999964,False
2025-05-19,25.99838867225509,-14.159999999999968,False
2025-05-20,25.054904931568387,-4.67999999999995,False
2025-05-21,28.0644453751392,5.639999999999986,False
2025-05-22,26.26466524700362,5.25,False
2025-05-23,25.319739825767726,12.269999999999982,False
2025-05-27,24.17510185780293,0.7899999999999636,False
2025-05-28,26.75743287374911,1.3600000000000136,False
2025-05-29,22.70479304308128,-6.889999999999986,False
2025-05-30,26.874881985923707,-5.110000000000014,False
2025-06-02,22.81650269323592,-13.970000000000027,False
2025-06-03,22.699160788272252,-6.079999999999927,False
2025-06-04,23.20960940976977,-9.860000000000014,False
2025-06-05,22.007231206253493,-4.860000000000014,False
2025-06-06,21.71483272778312,-10.809999999999945,False
2025-06-09,23.119329484101513,-7.490000000000009,False
2025-06-10,23.033416127742612,-6.910000000000082,False
2025-06-11,21.033910581344287,-3.6399999999999864,False
2025-06-12,20.711050963444222,-8.870000000000005,False
2025-06-13,20.832528226621605,2.9599999999999227,False
2025-06-16,19.580744640968533,-3.589999999999918,False
2025-06-17,19.309025012762277,5.1299999999999955,False
2025-06-18,21.41135060390883,3.419999999999959,False
2025-06-20,20.539487030181476,6.829999999999927,False
2025-06-23,20.001017285206785,-4.689999999999941,False
2025-06-24,21.850874565436925,-5.490000000000009,False
2025-06-25,21.598098715000788,-12.079999999999927,False
2025-06-26,20.837680251538927,-17.230000000000018,False
2025-06-27,20.34086841080432,-21.25999999999999,False
2025-06-30,21.307658416565232,-19.99000000000001,False
2025-07-01,21.55973809880402,-7.210000000000036,False
2025-07-02,21.93133781134486,-9.639999999999986,False
2025-07-03,22.937681228214956,-10.0,False
2025-07-07,19.52437572993813,-3.939999999999941,False
2025-07-08,19.370867859586497,-0.7000000000000455,False
2025-07-09,22.343163339740727,-9.259999999999991,False
2025-07-10,21.98919838906022,-4.650000000000091,False
2025-07-11,19.74802408853043,2.019999999999982,False
2025-07-14,21.01293198309554,-4.180000000000064,False
2025-07-15,20.751193634871697,-4.3799999999999955,False
2025-07-16,20.514989505004905,-1.0399999999999636,False
2025-07-17,21.16594137002312,-6.349999999999909,False
2025-07-18,19.85920300856594,-7.059999999999945,False
2025-07-21,21.63208473545899,-7.959999999999923,False
2025-07-22,21.427269962816467,-4.529999999999973,False
2025-07-23,20.929602486098133,-6.519999999999982,False
2025-07-24,20.90964415170606,-3.2100000000000364,False
2025-07-25,21.10353426715062,-5.110000000000014,False
